pclass,survived,name,sex,age,sibsp,parch,ticket,fare,cabin,boat,home.dest,body_found,embarked_C,embarked_Q,embarked_S
1,1,"Widener, Mrs. George Dunton (Eleanor Elkins)",1,50.0,1,1,113503,211.5,C80,4,"Elkins Park, PA",False,1,0,0
1,1,"Carter, Mrs. William Ernest (Lucile Polk)",1,36.0,1,2,113760,120.0,B96 B98,4,"Bryn Mawr, PA",False,0,0,1
2,1,"Navratil, Master. Michel M",0,3.0,1,1,230080,26.0,F2,D,"Nice, France",False,0,0,1
3,0,"Zimmerman, Mr. Leo",0,29.0,0,0,315082,7.875,,,,False,0,0,1
1,0,"Kent, Mr. Edward Austin",0,58.0,0,0,11771,29.7,B37,,"Buffalo, NY",True,1,0,0
1,0,"Kenyon, Mr. Frederick R",0,41.0,1,0,17464,51.8625,D21,,"Southington / Noank, CT",False,0,0,1
3,0,"Burns, Miss. Mary Delia",1,18.0,0,0,330963,7.8792,,,"Co Sligo, Ireland New York, NY",False,0,1,0
1,1,"Flynn, Mr. John Irwin (""Irving"")",0,36.0,0,0,PC 17474,26.3875,E25,5,"Brooklyn, NY",False,0,0,1
1,1,"Taylor, Mr. Elmer Zebley",0,48.0,1,0,19996,52.0,C126,5 7,"London /  East Orange, NJ",False,0,0,1
2,0,"Berriman, Mr. William John",0,23.0,0,0,28425,13.0,,,"St Ives, Cornwall / Calumet, MI",False,0,0,1
2,1,"Brown, Miss. Edith Eileen",1,15.0,0,2,29750,39.0,,14,"Cape Town, South Africa / Seattle, WA",False,0,0,1
3,1,"Bing, Mr. Lee",0,32.0,0,0,1601,56.4958,,C,"Hong Kong New York, NY",False,0,0,1
1,0,"Moore, Mr. Clarence Bloomfield",0,47.0,0,0,113796,42.4,,,"Washington, DC",False,0,0,1
3,1,"Jussila, Mr. Eiriik",0,32.0,0,0,STON/O 2. 3101286,7.925,,15,,False,0,0,1
1,1,"Brown, Mrs. John Murray (Caroline Lane Lamson)",1,59.0,2,0,11769,51.4792,C101,D,"Belmont, MA",False,0,0,1
2,0,"Denbury, Mr. Herbert",0,25.0,0,0,C.A. 31029,31.5,,,"Guernsey / Elizabeth, NJ",False,0,0,1
1,1,"Bowerman, Miss. Elsie Edith",1,22.0,0,1,113505,55.0,E33,6,"St Leonards-on-Sea, England Ohio",False,0,0,1
2,0,"Parker, Mr. Clifford Richard",0,28.0,0,0,SC 14888,10.5,,,"St Andrews, Guernsey",False,0,0,1
2,0,"Andrew, Mr. Edgardo Samuel",0,18.0,0,0,231945,11.5,,,"Buenos Aires, Argentina / New Jersey, NJ",False,0,0,1
1,0,"Sutton, Mr. Frederick",0,61.0,0,0,36963,32.3208,D50,,"Haddenfield, NJ",True,0,0,1
3,1,"Johnson, Miss. Eleanor Ileen",1,1.0,1,1,347742,11.1333,,15,,False,0,0,1
3,0,"Henriksson, Miss. Jenny Lovisa",1,28.0,0,0,347086,7.775,,,,False,0,0,1
1,1,"Eustis, Miss. Elizabeth Mussey",1,54.0,1,0,36947,78.2667,D20,4,"Brookline, MA",False,1,0,0
3,0,"Daher, Mr. Shedid",0,22.5,0,0,2698,7.225,,,,True,1,0,0
1,1,"Carter, Mr. William Ernest",0,36.0,1,2,113760,120.0,B96 B98,C,"Bryn Mawr, PA",False,0,0,1
1,0,"Straus, Mrs. Isidor (Rosalie Ida Blun)",1,63.0,1,0,PC 17483,221.7792,C55 C57,,"New York, NY",False,0,0,1
2,1,"Herman, Miss. Alice",1,24.0,1,2,220845,65.0,,9,"Somerset / Bernardsville, NJ",False,0,0,1
2,1,"Beesley, Mr. Lawrence",0,34.0,0,0,248698,13.0,D56,13,London,False,0,0,1
3,0,"Jonsson, Mr. Nils Hilding",0,27.0,0,0,350408,7.8542,,,,False,0,0,1
3,0,"Yasbeck, Mr. Antoni",0,27.0,1,0,2659,14.4542,,C,,False,1,0,0
2,1,"Brown, Mrs. Thomas William Solomon (Elizabeth Catherine Ford)",1,40.0,1,1,29750,39.0,,14,"Cape Town, South Africa / Seattle, WA",False,0,0,1
3,1,"Osman, Mrs. Mara",1,31.0,0,0,349244,8.6833,,,,False,0,0,1
1,1,"Serepeca, Miss. Augusta",1,30.0,0,0,113798,31.0,,4,,False,1,0,0
2,0,"Hold, Mr. Stephen",0,44.0,1,0,26707,26.0,,,"England / Sacramento, CA",False,0,0,1
1,1,"Dick, Mr. Albert Adrian",0,31.0,1,0,17474,57.0,B20,3,"Calgary, AB",False,0,0,1
3,1,"Yasbeck, Mrs. Antoni (Selini Alexander)",1,15.0,1,0,2659,14.4542,,,,False,1,0,0
2,0,"Meyer, Mr. August",0,39.0,0,0,248723,13.0,,,"Harrow-on-the-Hill, Middlesex",False,0,0,1
2,0,"Slemen, Mr. Richard James",0,35.0,0,0,28206,10.5,,,Cornwall,False,0,0,1
3,1,"Landergren, Miss. Aurora Adelia",1,22.0,0,0,C 7077,7.25,,13,,False,0,0,1
1,1,"Spedden, Mrs. Frederic Oakley (Margaretta Corning Stone)",1,40.0,1,1,16966,134.5,E34,3,"Tuxedo Park, NY",False,1,0,0
2,0,"Ponesell, Mr. Martin",0,34.0,0,0,250647,13.0,,,"Denmark / New York, NY",False,0,0,1
2,0,"Harbeck, Mr. William H",0,44.0,0,0,248746,13.0,,,"Seattle, WA / Toledo, OH",True,0,0,1
3,0,"Youseff, Mr. Gerious",0,45.5,0,0,2628,7.225,,,,True,1,0,0
3,0,"Lindblom, Miss. Augusta Charlotta",1,45.0,0,0,347073,7.75,,,,False,0,0,1
2,0,"Keane, Mr. Daniel",0,35.0,0,0,233734,12.35,,,,False,0,1,0
3,0,"Johnson, Mr. William Cahoone Jr",0,19.0,0,0,LINE,0.0,,,,False,0,0,1
3,0,"Bourke, Mrs. John (Catherine)",1,32.0,1,1,364849,15.5,,,"Ireland Chicago, IL",False,0,1,0
3,1,"Barah, Mr. Hanna Assi",0,20.0,0,0,2663,7.2292,,15,,False,1,0,0
2,0,"Jefferys, Mr. Ernest Wilfred",0,22.0,2,0,C.A. 31029,31.5,,,"Guernsey / Elizabeth, NJ",False,0,0,1
3,1,"Andersen-Jensen, Miss. Carla Christine Nielsine",1,19.0,1,0,350046,7.8542,,16,,False,0,0,1
1,1,"Rothes, the Countess. of (Lucy Noel Martha Dyer-Edwards)",1,33.0,0,0,110152,86.5,B77,8,"London  Vancouver, BC",False,0,0,1
2,0,"Mack, Mrs. (Mary)",1,57.0,0,0,S.O./P.P. 3,10.5,E77,,"Southampton / New York, NY",True,0,0,1
1,0,"Chaffee, Mr. Herbert Fuller",0,46.0,1,0,W.E.P. 5734,61.175,E31,,"Amenia, ND",False,0,0,1
1,1,"Harper, Mr. Henry Sleeper",0,48.0,1,0,PC 17572,76.7292,D33,3,"New York, NY",False,1,0,0
3,0,"Arnold-Franchi, Mr. Josef",0,25.0,1,0,349237,17.8,,,"Altdorf, Switzerland",False,0,0,1
3,1,"Najib, Miss. Adele Kiamie ""Jane""",1,15.0,0,0,2667,7.225,,C,,False,1,0,0
3,0,"Lemberopolous, Mr. Peter L",0,34.5,0,0,2683,6.4375,,,,True,1,0,0
3,1,"Nilsson, Miss. Helmina Josefina",1,26.0,0,0,347470,7.8542,,13,,False,0,0,1
2,0,"Hickman, Mr. Stanley George",0,21.0,2,0,S.O.C. 14879,73.5,,,"West Hampstead, London / Neepawa, MB",False,0,0,1
3,1,"Turja, Miss. Anna Sofia",1,18.0,0,0,4138,9.8417,,15,,False,0,0,1
3,0,"Doyle, Miss. Elizabeth",1,24.0,0,0,368702,7.75,,,"Ireland New York, NY",False,0,1,0
2,1,"Clarke, Mrs. Charles V (Ada Maria Winfield)",1,28.0,1,0,2003,26.0,,14,"England / San Francisco, CA",False,0,0,1
3,1,"Andersson, Mr. August Edvard (""Wennerstrom"")",0,27.0,0,0,350043,7.7958,,A,,False,0,0,1
2,0,"Lahtinen, Rev. William",0,30.0,1,1,250651,26.0,,,"Minneapolis, MN",False,0,0,1
3,0,"Makinen, Mr. Kalle Edvard",0,29.0,0,0,STON/O 2. 3101268,7.925,,,,False,0,0,1
1,1,"Romaine, Mr. Charles Hallace (""Mr C Rolmane"")",0,45.0,0,0,111428,26.55,,9,"New York, NY",False,0,0,1
3,0,"Sivic, Mr. Husein",0,40.0,0,0,349251,7.8958,,,,False,0,0,1
1,0,"Astor, Col. John Jacob",0,47.0,1,0,PC 17757,227.525,C62 C64,,"New York, NY",True,1,0,0
2,0,"Sobey, Mr. Samuel James Hayden",0,25.0,0,0,C.A. 29178,13.0,,,"Cornwall / Houghton, MI",False,0,0,1
1,1,"Cardeza, Mr. Thomas Drake Martinez",0,36.0,0,1,PC 17755,512.3292,B51 B53 B55,3,"Austria-Hungary / Germantown, Philadelphia, PA",False,1,0,0
1,1,"Shutes, Miss. Elizabeth W",1,40.0,0,0,PC 17582,153.4625,C125,3,"New York, NY / Greenwich CT",False,0,0,1
2,1,"Mallet, Mrs. Albert (Antoinette Magnin)",1,24.0,1,1,S.C./PARIS 2079,37.0042,,10,"Paris / Montreal, PQ",False,1,0,0
1,0,"Penasco y Castellana, Mr. Victor de Satode",0,18.0,1,0,PC 17758,108.9,C65,,"Madrid, Spain",False,1,0,0
3,0,"Petroff, Mr. Nedelio",0,19.0,0,0,349212,7.8958,,,,False,0,0,1
2,1,"Toomey, Miss. Ellen",1,50.0,0,0,F.C.C. 13531,10.5,,9,"Indianapolis, IN",False,0,0,1
3,0,"Wiklund, Mr. Jakob Alfred",0,18.0,1,0,3101267,6.4958,,,,True,0,0,1
3,0,"Aronsson, Mr. Ernst Axel Algot",0,24.0,0,0,349911,7.775,,,"Sweden Joliet, IL",False,0,0,1
1,0,"Ostby, Mr. Engelhart Cornelius",0,65.0,0,1,113509,61.9792,B30,,"Providence, RI",True,1,0,0
3,1,"Asplund, Miss. Lillian Gertrud",1,5.0,4,2,347077,31.3875,,15,"Sweden Worcester, MA",False,0,0,1
3,0,"Johnson, Mr. Malkolm Joackim",0,33.0,0,0,347062,7.775,,,,True,0,0,1
2,1,"Quick, Miss. Phyllis May",1,2.0,1,1,26360,26.0,,11,"Plymouth, Devon / Detroit, MI",False,0,0,1
1,1,"Thayer, Mr. John Borland Jr",0,17.0,0,2,17421,110.8833,C70,B,"Haverford, PA",False,1,0,0
1,1,"Hassab, Mr. Hammad",0,27.0,0,0,PC 17572,76.7292,D49,3,,False,1,0,0
1,1,"Greenfield, Mrs. Leo David (Blanche Strouse)",1,45.0,0,1,PC 17759,63.3583,D10 D12,7,"New York, NY",False,1,0,0
3,1,"Mulvihill, Miss. Bertha E",1,24.0,0,0,382653,7.75,,15,,False,0,1,0
1,1,"Taussig, Mrs. Emil (Tillie Mandelbaum)",1,39.0,1,1,110413,79.65,E67,8,"New York, NY",False,0,0,1
1,0,"Case, Mr. Howard Brown",0,49.0,0,0,19924,26.0,,,"Ascot, Berkshire / Rochester, NY",False,0,0,1
2,0,"Hiltunen, Miss. Marta",1,18.0,1,1,250650,13.0,,,"Kontiolahti, Finland / Detroit, MI",False,0,0,1
2,0,"Aldworth, Mr. Charles Augustus",0,30.0,0,0,248744,13.0,,,"Bryn Mawr, PA, USA",False,0,0,1
1,0,"Goldschmidt, Mr. George B",0,71.0,0,0,PC 17754,34.6542,A5,,"New York, NY",False,1,0,0
1,1,"Frolicher-Stehli, Mr. Maxmillian",0,60.0,1,1,13567,79.2,B41,5,"Zurich, Switzerland",False,1,0,0
2,0,"McCrae, Mr. Arthur Gordon",0,32.0,0,0,237216,13.5,,,"Sydney, Australia",True,0,0,1
3,0,"Hampe, Mr. Leon",0,20.0,0,0,345769,9.5,,,,False,0,0,1
1,1,"Simonius-Blumer, Col. Oberst Alfons",0,56.0,0,0,13213,35.5,A26,3,"Basel, Switzerland",False,1,0,0
1,0,"Rothschild, Mr. Martin",0,55.0,1,0,PC 17603,59.4,,,"New York, NY",False,1,0,0
1,1,"Hays, Miss. Margaret Bechstein",1,24.0,0,0,11767,83.1583,C54,7,"New York, NY",False,1,0,0
3,0,"Odahl, Mr. Nils Martin",0,23.0,0,0,7267,9.225,,,,False,0,0,1
2,0,"Morley, Mr. Henry Samuel (""Mr Henry Marshall"")",0,39.0,0,0,250655,26.0,,,,False,0,0,1
2,0,"McKane, Mr. Peter David",0,46.0,0,0,28403,26.0,,,"Rochester, NY",False,0,0,1
3,0,"Gustafsson, Mr. Karl Gideon",0,19.0,0,0,347069,7.775,,,"Myren, Sweden New York, NY",False,0,0,1
1,1,"Kreuchen, Miss. Emilie",1,39.0,0,0,24160,211.3375,,2,,False,0,0,1
2,1,"Cameron, Miss. Clear Annie",1,35.0,0,0,F.C.C. 13528,21.0,,14,"Mamaroneck, NY",False,0,0,1
1,0,"Head, Mr. Christopher",0,42.0,0,0,113038,42.5,B11,,London / Middlesex,False,0,0,1
1,1,"Spedden, Master. Robert Douglas",0,6.0,0,2,16966,134.5,E34,3,"Tuxedo Park, NY",False,1,0,0
1,1,"Tucker, Mr. Gilbert Milligan Jr",0,31.0,0,0,2543,28.5375,C53,7,"Albany, NY",False,1,0,0
1,1,"Cardeza, Mrs. James Warburton Martinez (Charlotte Wardle Drake)",1,58.0,0,1,PC 17755,512.3292,B51 B53 B55,3,"Germantown, Philadelphia, PA",False,1,0,0
1,1,"Lurette, Miss. Elise",1,58.0,0,0,PC 17569,146.5208,B80,,,False,1,0,0
3,0,"Abbott, Master. Eugene Joseph",0,13.0,0,2,C.A. 2673,20.25,,,"East Providence, RI",False,0,0,1
1,1,"Bonnell, Miss. Elizabeth",1,58.0,0,0,113783,26.55,C103,8,"Birkdale, England Cleveland, Ohio",False,0,0,1
3,0,"Attalah, Miss. Malake",1,17.0,0,0,2627,14.4583,,,,False,1,0,0
3,0,"Bengtsson, Mr. John Viktor",0,26.0,0,0,347068,7.775,,,"Krakudden, Sweden Moune, IL",False,0,0,1
1,1,"Daniel, Mr. Robert Williams",0,27.0,0,0,113804,30.5,,3,"Philadelphia, PA",False,0,0,1
2,0,"Banfield, Mr. Frederick James",0,28.0,0,0,C.A./SOTON 34068,10.5,,,"Plymouth, Dorset / Houghton, MI",False,0,0,1
3,0,"Backstrom, Mr. Karl Alfred",0,32.0,1,0,3101278,15.85,,D,"Ruotsinphytaa, Finland New York, NY",False,0,0,1
3,0,"Goodwin, Mr. Charles Edward",0,14.0,5,2,CA 2144,46.9,,,"Wiltshire, England Niagara Falls, NY",False,0,0,1
3,0,"Johansson, Mr. Nils",0,29.0,0,0,347467,7.8542,,,,False,0,0,1
1,0,"Holverson, Mr. Alexander Oskar",0,42.0,1,0,113789,52.0,,,"New York, NY",True,0,0,1
3,0,"de Pelsmaeker, Mr. Alfons",0,16.0,0,0,345778,9.5,,,,False,0,0,1
1,1,"Dick, Mrs. Albert Adrian (Vera Gillespie)",1,17.0,1,0,17474,57.0,B20,3,"Calgary, AB",False,0,0,1
2,1,"Louch, Mrs. Charles Alexander (Alice Adelaide Slow)",1,42.0,1,0,SC/AH 3085,26.0,,,"Weston-Super-Mare, Somerset",False,0,0,1
3,0,"Strom, Miss. Telma Matilda",1,2.0,0,1,347054,10.4625,G6,,,False,0,0,1
1,1,"Hoyt, Mrs. Frederick Maxfield (Jane Anne Forby)",1,35.0,1,0,19943,90.0,C93,D,"New York, NY /  Stamford CT",False,0,0,1
3,0,"Calic, Mr. Jovo",0,17.0,0,0,315093,8.6625,,,,False,0,0,1
3,0,"Pettersson, Miss. Ellen Natalia",1,18.0,0,0,347087,7.775,,,,False,0,0,1
2,0,"Mudd, Mr. Thomas Charles",0,16.0,0,0,S.O./P.P. 3,10.5,,,"Halesworth, England",False,0,0,1
1,1,"Greenfield, Mr. William Bertram",0,23.0,0,1,PC 17759,63.3583,D10 D12,7,"New York, NY",False,1,0,0
3,0,"Angheloff, Mr. Minko",0,26.0,0,0,349202,7.8958,,,"Bulgaria Chicago, IL",False,0,0,1
2,1,"Duran y More, Miss. Florentina",1,30.0,1,0,SC/PARIS 2148,13.8583,,12,"Barcelona, Spain / Havana, Cuba",False,1,0,0
2,0,"Collyer, Mr. Harvey",0,31.0,1,1,C.A. 31921,26.25,,,"Bishopstoke, Hants / Fayette Valley, ID",False,0,0,1
2,0,"Mallet, Mr. Albert",0,31.0,1,1,S.C./PARIS 2079,37.0042,,,"Paris / Montreal, PQ",False,1,0,0
3,0,"Coleff, Mr. Satio",0,24.0,0,0,349209,7.4958,,,,False,0,0,1
3,1,"Johnson, Mrs. Oscar W (Elisabeth Vilhelmina Berg)",1,27.0,0,2,347742,11.1333,,15,,False,0,0,1
1,0,"Spencer, Mr. William Augustus",0,57.0,1,0,PC 17569,146.5208,B78,,"Paris, France",False,1,0,0
1,0,"Futrelle, Mr. Jacques Heath",0,37.0,1,0,113803,53.1,C123,,"Scituate, MA",False,0,0,1
1,1,"Robert, Mrs. Edward Scott (Elisabeth Walton McMillan)",1,43.0,0,1,24160,211.3375,B3,2,"St Louis, MO",False,0,0,1
2,1,"Hart, Mrs. Benjamin (Esther Ada Bloomfield)",1,45.0,1,1,F.C.C. 13529,26.25,,14,"Ilford, Essex / Winnipeg, MB",False,0,0,1
3,0,"Vande Velde, Mr. Johannes Joseph",0,33.0,0,0,345780,9.5,,,,False,0,0,1
2,1,"Wells, Mrs. Arthur Henry (""Addie"" Dart Trevaskis)",1,29.0,0,2,29103,23.0,,14,"Cornwall / Akron, OH",False,0,0,1
1,0,"Dulles, Mr. William Crothers",0,39.0,0,0,PC 17580,29.7,A18,,"Philadelphia, PA",True,1,0,0
3,0,"Rice, Master. Albert",0,10.0,4,1,382652,29.125,,,,False,0,1,0
3,1,"Daly, Mr. Eugene Patrick",0,29.0,0,0,382651,7.75,,13 15 B,"Co Athlone, Ireland New York, NY",False,0,1,0
1,1,"Harder, Mrs. George Achilles (Dorothy Annan)",1,25.0,1,0,11765,55.4417,E50,5,"Brooklyn, NY",False,1,0,0
2,1,"Becker, Mrs. Allen Oliver (Nellie E Baumgardner)",1,36.0,0,3,230136,39.0,F4,11,"Guntur, India / Benton Harbour, MI",False,0,0,1
3,0,"Wiklund, Mr. Karl Johan",0,21.0,1,0,3101266,6.4958,,,,False,0,0,1
3,0,"Van Impe, Mrs. Jean Baptiste (Rosalie Paula Govaert)",1,30.0,1,1,345773,24.15,,,,False,0,0,1
3,0,"Elsbury, Mr. William James",0,47.0,0,0,A/5 3902,7.25,,,"Illinois, USA",False,0,0,1
3,1,"Touma, Miss. Maria Youssef",1,9.0,1,1,2650,15.2458,,C,,False,1,0,0
1,0,"Long, Mr. Milton Clyde",0,29.0,0,0,113501,30.0,D6,,"Springfield, MA",True,0,0,1
3,0,"Olsson, Miss. Elina",1,31.0,0,0,350407,7.8542,,,,False,0,0,1
3,0,"Rosblom, Mrs. Viktor (Helena Wilhelmina)",1,41.0,0,2,370129,20.2125,,,,False,0,0,1
3,1,"Lang, Mr. Fang",0,26.0,0,0,1601,56.4958,,14,,False,0,0,1
1,1,"Frolicher, Miss. Hedwig Margaritha",1,22.0,0,2,13568,49.5,B39,5,"Zurich, Switzerland",False,1,0,0
1,0,"Borebank, Mr. John James",0,42.0,0,0,110489,26.55,D22,,"London / Winnipeg, MB",False,0,0,1
3,0,"Johanson, Mr. Jakob Alfred",0,34.0,0,0,3101264,6.4958,,,,True,0,0,1
1,0,"Uruchurtu, Don. Manuel E",0,40.0,0,0,PC 17601,27.7208,,,"Mexico City, Mexico",False,1,0,0
3,0,"Allum, Mr. Owen George",0,18.0,0,0,2223,8.3,,,"Windsor, England New York, NY",True,0,0,1
1,1,"Cumings, Mrs. John Bradley (Florence Briggs Thayer)",1,38.0,1,0,PC 17599,71.2833,C85,4,"New York, NY",False,1,0,0
1,1,"Wilson, Miss. Helen Alice",1,31.0,0,0,16966,134.5,E39 E41,3,,False,1,0,0
1,1,"Lindstrom, Mrs. Carl Johan (Sigrid Posse)",1,55.0,0,0,112377,27.7208,,6,"Stockholm, Sweden",False,1,0,0
1,1,"Ryerson, Miss. Emily Borie",1,18.0,2,2,PC 17608,262.375,B57 B59 B63 B66,4,"Haverford, PA / Cooperstown, NY",False,1,0,0
3,0,"Ling, Mr. Lee",0,28.0,0,0,1601,56.4958,,,,False,0,0,1
2,1,"Navratil, Master. Edmond Roger",0,2.0,1,1,230080,26.0,F2,D,"Nice, France",False,0,0,1
2,1,"Watt, Miss. Bertha J",1,12.0,0,0,C.A. 33595,15.75,,9,"Aberdeen / Portland, OR",False,0,0,1
2,1,"Herman, Mrs. Samuel (Jane Laver)",1,48.0,1,2,220845,65.0,,9,"Somerset / Bernardsville, NJ",False,0,0,1
3,0,"Danbom, Mrs. Ernst Gilbert (Anna Sigrid Maria Brogren)",1,28.0,1,1,347080,14.4,,,"Stanton, IA",False,0,0,1
1,1,"Douglas, Mrs. Walter Donald (Mahala Dutton)",1,48.0,1,0,PC 17761,106.425,C86,2,"Deephaven, MN / Cedar Rapids, IA",False,1,0,0
3,0,"Lindahl, Miss. Agda Thorilda Viktoria",1,25.0,0,0,347071,7.775,,,,False,0,0,1
3,0,"Palsson, Miss. Torborg Danira",1,8.0,3,1,349909,21.075,,,,False,0,0,1
2,1,"Reynaldo, Ms. Encarnacion",1,28.0,0,0,230434,13.0,,9,Spain,False,0,0,1
1,0,"Giglio, Mr. Victor",0,24.0,0,0,PC 17593,79.2,B86,,,False,1,0,0
3,0,"Assaf, Mr. Gerios",0,21.0,0,0,2692,7.225,,,"Ottawa, ON",False,1,0,0
1,1,"Chambers, Mrs. Norman Campbell (Bertha Griggs)",1,33.0,1,0,113806,53.1,E8,5,"New York, NY / Ithaca, NY",False,0,0,1
3,0,"Johansson, Mr. Gustaf Joel",0,33.0,0,0,7540,8.6542,,,,True,0,0,1
3,1,"Hellstrom, Miss. Hilda Maria",1,22.0,0,0,7548,8.9625,,C,,False,0,0,1
2,0,"Dibden, Mr. William",0,18.0,0,0,S.O.C. 14879,73.5,,,"New Forest, England",False,0,0,1
2,1,"Ilett, Miss. Bertha",1,17.0,0,0,SO/C 14885,10.5,,,Guernsey,False,0,0,1
3,0,"Cacic, Mr. Luka",0,38.0,0,0,315089,8.6625,,,Croatia,False,0,0,1
3,0,"Myhrman, Mr. Pehr Fabian Oliver Malkolm",0,18.0,0,0,347078,7.75,,,,False,0,0,1
3,0,"Kink, Miss. Maria",1,22.0,2,0,315152,8.6625,,,,False,0,0,1
3,0,"Attalah, Mr. Sleiman",0,30.0,0,0,2694,7.225,,,"Ottawa, ON",False,1,0,0
3,0,"Vovk, Mr. Janko",0,22.0,0,0,349252,7.8958,,,,False,0,0,1
1,1,"Davidson, Mrs. Thornton (Orian Hays)",1,27.0,1,2,F.C. 12750,52.0,B71,3,"Montreal, PQ",False,0,0,1
2,0,"Gill, Mr. John William",0,24.0,0,0,233866,13.0,,,"Clevedon, England",True,0,0,1
3,0,"Andersen, Mr. Albert Karvin",0,32.0,0,0,C 4001,22.525,,,"Bergen, Norway",True,0,0,1
2,0,"Kvillner, Mr. Johan Henrik Johannesson",0,31.0,0,0,C.A. 18723,10.5,,,"Sweden / Arlington, NJ",True,0,0,1
3,0,"Mionoff, Mr. Stoytcho",0,28.0,0,0,349207,7.8958,,,,False,0,0,1
3,1,"Asplund, Mr. Johan Charles",0,23.0,0,0,350054,7.7958,,13,"Oskarshamn, Sweden Minneapolis, MN",False,0,0,1
1,0,"Payne, Mr. Vivian Ponsonby",0,23.0,0,0,12749,93.5,B24,,"Montreal, PQ",False,0,0,1
3,0,"Lindell, Mrs. Edvard Bengtsson (Elin Gerda Persson)",1,30.0,1,0,349910,15.55,,A,,False,0,0,1
2,0,"Pengelly, Mr. Frederick William",0,19.0,0,0,28665,10.5,,,"Gunnislake, England / Butte, MT",False,0,0,1
2,0,"Moraweck, Dr. Ernest",0,54.0,0,0,29011,14.0,,,"Frankfort, KY",False,0,0,1
1,0,"Smith, Mr. Lucien Philip",0,24.0,1,0,13695,60.0,C31,,"Huntington, WV",False,0,0,1
1,1,"Willard, Miss. Constance",1,21.0,0,0,113795,26.55,,8 10,"Duluth, MN",False,0,0,1
3,0,"Carlsson, Mr. August Sigfrid",0,28.0,0,0,350042,7.7958,,,"Dagsas, Sweden Fower, MN",False,0,0,1
3,0,"Abbott, Mr. Rossmore Edward",0,16.0,1,1,C.A. 2673,20.25,,,"East Providence, RI",True,0,0,1
1,1,"Spedden, Mr. Frederic Oakley",0,45.0,1,1,16966,134.5,E34,3,"Tuxedo Park, NY",False,1,0,0
2,0,"Fahlstrom, Mr. Arne Jonas",0,18.0,0,0,236171,13.0,,,"Oslo, Norway Bayonne, NJ",False,0,0,1
1,0,"White, Mr. Percival Wayland",0,54.0,0,1,35281,77.2875,D26,,"Brunswick, ME",False,0,0,1
1,1,"Silverthorne, Mr. Spencer Victor",0,35.0,0,0,PC 17475,26.2875,E24,5,"St Louis, MO",False,0,0,1
1,0,"Stead, Mr. William Thomas",0,62.0,0,0,113514,26.55,C87,,"Wimbledon Park, London / Hayling Island, Hants",False,0,0,1
1,1,"Daly, Mr. Peter Denis ",0,51.0,0,0,113055,26.55,E17,5 9,"Lima, Peru",False,0,0,1
3,0,"Lobb, Mr. William Arthur",0,30.0,1,0,A/5. 3336,16.1,,,,False,0,0,1
2,0,"Giles, Mr. Ralph",0,24.0,0,0,248726,13.5,,,"West Kensington, London",True,0,0,1
1,0,"Widener, Mr. George Dunton",0,50.0,1,1,113503,211.5,C80,,"Elkins Park, PA",False,1,0,0
1,1,"Stengel, Mrs. Charles Emil Henry (Annie May Morris)",1,43.0,1,0,11778,55.4417,C116,5,"Newark, NJ",False,1,0,0
1,0,"Brandeis, Mr. Emil",0,48.0,0,0,PC 17591,50.4958,B10,,"Omaha, NE",True,1,0,0
3,0,"Palsson, Mrs. Nils (Alma Cornelia Berglund)",1,29.0,0,4,349909,21.075,,,,True,0,0,1
2,1,"Mallet, Master. Andre",0,1.0,0,2,S.C./PARIS 2079,37.0042,,10,"Paris / Montreal, PQ",False,1,0,0
3,1,"Baclini, Mrs. Solomon (Latifa Qurban)",1,24.0,0,3,2666,19.2583,,C,"Syria New York, NY",False,1,0,0
1,1,"Cornell, Mrs. Robert Clifford (Malvina Helen Lamson)",1,55.0,2,0,11770,25.7,C101,2,"New York, NY",False,0,0,1
3,0,"Vande Walle, Mr. Nestor Cyriel",0,28.0,0,0,345770,9.5,,,,False,0,0,1
2,0,"Gillespie, Mr. William Henry",0,34.0,0,0,12233,13.0,,,"Vancouver, BC",False,0,0,1
3,0,"Foley, Mr. Joseph",0,26.0,0,0,330910,7.8792,,,"Ireland Chicago, IL",False,0,1,0
1,1,"Snyder, Mrs. John Pillsbury (Nelle Stevenson)",1,23.0,1,0,21228,82.2667,B45,7,"Minneapolis, MN",False,0,0,1
3,0,"McNamee, Mr. Neal",0,24.0,1,0,376566,16.1,,,,False,0,0,1
2,0,"Andrew, Mr. Frank Thomas",0,25.0,0,0,C.A. 34050,10.5,,,"Cornwall, England Houghton, MI",False,0,0,1
3,0,"Panula, Master. Eino Viljami",0,1.0,4,1,3101295,39.6875,,,,False,0,0,1
3,0,"Everett, Mr. Thomas James",0,40.5,0,0,C.A. 6212,15.1,,,,True,0,0,1
3,0,"Goodwin, Master. Harold Victor",0,9.0,5,2,CA 2144,46.9,,,"Wiltshire, England Niagara Falls, NY",False,0,0,1
1,1,"Barkworth, Mr. Algernon Henry Wilson",0,80.0,0,0,27042,30.0,A23,B,"Hessle, Yorks",False,0,0,1
3,1,"Hakkarainen, Mrs. Pekka Pietari (Elin Matilda Dolck)",1,24.0,1,0,STON/O2. 3101279,15.85,,15,,False,0,0,1
3,1,"Dowdell, Miss. Elizabeth",1,30.0,0,0,364516,12.475,,13,"Union Hill, NJ",False,0,0,1
2,0,"Swane, Mr. George",0,18.5,0,0,248734,13.0,F,,,True,0,0,1
3,1,"Tenglin, Mr. Gunnar Isidor",0,25.0,0,0,350033,7.7958,,13 15,,False,0,0,1
3,1,"Hansen, Mrs. Claus Peter (Jennie L Howard)",1,45.0,1,0,350026,14.1083,,11,,False,0,0,1
3,1,"Baclini, Miss. Helene Barbara",1,0.75,2,1,2666,19.2583,,C,"Syria New York, NY",False,1,0,0
1,1,"Wick, Mrs. George Dennick (Mary Hitchcock)",1,45.0,1,1,36928,164.8667,,8,"Youngstown, OH",False,0,0,1
3,0,"Danbom, Mr. Ernst Gilbert",0,34.0,1,1,347080,14.4,,,"Stanton, IA",True,0,0,1
3,1,"Buckley, Mr. Daniel",0,21.0,0,0,330920,7.8208,,13,"Kingwilliamstown, Co Cork, Ireland New York, NY",False,0,1,0
3,0,"Johnson, Mr. Alfred",0,49.0,0,0,LINE,0.0,,,,False,0,0,1
2,0,"Pain, Dr. Alfred",0,23.0,0,0,244278,10.5,,,"Hamilton, ON",False,0,0,1
3,0,"Betros, Mr. Tannous",0,20.0,0,0,2648,4.0125,,,Syria,False,1,0,0
1,0,"Harris, Mr. Henry Birkhardt",0,45.0,1,0,36973,83.475,C83,,"New York, NY",False,0,0,1
3,1,"Abbott, Mrs. Stanton (Rosa Hunt)",1,35.0,1,1,C.A. 2673,20.25,,A,"East Providence, RI",False,0,0,1
3,0,"Goodwin, Mr. Charles Frederick",0,40.0,1,6,CA 2144,46.9,,,"Wiltshire, England Niagara Falls, NY",False,0,0,1
1,1,"Leader, Dr. Alice (Farnham)",1,49.0,0,0,17465,25.9292,D17,8,"New York, NY",False,0,0,1
3,1,"Nakid, Mr. Sahid",0,20.0,1,1,2653,15.7417,,C,,False,1,0,0
3,0,"Andersson, Mrs. Anders Johan (Alfrida Konstantia Brogren)",1,39.0,1,5,347082,31.275,,,"Sweden Winnipeg, MN",False,0,0,1
1,1,"Frauenthal, Dr. Henry William",0,50.0,2,0,PC 17611,133.65,,5,"New York, NY",False,0,0,1
2,1,"Wilhelms, Mr. Charles",0,31.0,0,0,244270,13.0,,9,"London, England",False,0,0,1
2,0,"Leyson, Mr. Robert William Norman",0,24.0,0,0,C.A. 29566,10.5,,,,True,0,0,1
1,0,"Guggenheim, Mr. Benjamin",0,46.0,0,0,PC 17593,79.2,B82 B84,,"New York, NY",False,1,0,0
3,0,"Oreskovic, Miss. Jelka",1,23.0,0,0,315085,8.6625,,,,False,0,0,1
2,0,"Fynney, Mr. Joseph J",0,35.0,0,0,239865,26.0,,,"Liverpool / Montreal, PQ",True,0,0,1
3,0,"Goodwin, Miss. Lillian Amy",1,16.0,5,2,CA 2144,46.9,,,"Wiltshire, England Niagara Falls, NY",False,0,0,1
3,0,"Pekoniemi, Mr. Edvard",0,21.0,0,0,STON/O 2. 3101294,7.925,,,,False,0,0,1
3,0,"Sutehall, Mr. Henry Jr",0,25.0,0,0,SOTON/OQ 392076,7.05,,,,False,0,0,1
3,1,"Touma, Master. Georges Youssef",0,7.0,1,1,2650,15.2458,,C,,False,1,0,0
3,1,"Abrahim, Mrs. Joseph (Sophie Halaut Easu)",1,18.0,0,0,2657,7.2292,,C,"Greensburg, PA",False,1,0,0
2,1,"Beane, Mr. Edward",0,32.0,1,0,2908,26.0,,13,"Norwich / New York, NY",False,0,0,1
2,1,"Rugg, Miss. Emily",1,21.0,0,0,C.A. 31026,10.5,,12,"Guernsey / Wilmington, DE",False,0,0,1
3,0,"Olsen, Mr. Karl Siegwart Andreas",0,42.0,0,1,4579,8.4042,,,,False,0,0,1
1,1,"Chevre, Mr. Paul Romaine",0,45.0,0,0,PC 17594,29.7,A9,7,"Paris, France",False,1,0,0
3,1,"Leeni, Mr. Fahim (""Philip Zenni"")",0,22.0,0,0,2620,7.225,,6,,False,1,0,0
3,0,"Cook, Mr. Jacob",0,43.0,0,0,A/5 3536,8.05,,,,False,0,0,1
3,0,"Calic, Mr. Petar",0,17.0,0,0,315086,8.6625,,,,False,0,0,1
1,1,"Barber, Miss. Ellen ""Nellie""",1,26.0,0,0,19877,78.85,,6,,False,0,0,1
3,0,"Asplund, Master. Carl Edgar",0,5.0,4,2,347077,31.3875,,,"Sweden  Worcester, MA",False,0,0,1
2,0,"Myles, Mr. Thomas Francis",0,62.0,0,0,240276,9.6875,,,"Cambridge, MA",False,0,1,0
1,0,"Newell, Mr. Arthur Webster",0,58.0,0,2,35273,113.275,D48,,"Lexington, MA",True,1,0,0
1,1,"Bird, Miss. Ellen",1,29.0,0,0,PC 17483,221.7792,C97,8,,False,0,0,1
3,0,"Rice, Master. Arthur",0,4.0,4,1,382652,29.125,,,,False,0,1,0
2,1,"Hocking, Mrs. Elizabeth (Eliza Needs)",1,54.0,1,3,29105,23.0,,4,"Cornwall / Akron, OH",False,0,0,1
2,0,"Veal, Mr. James",0,40.0,0,0,28221,13.0,,,"Barre, Co Washington, VT",False,0,0,1
2,1,"Mellinger, Mrs. (Elizabeth Anne Maidment)",1,41.0,0,1,250644,19.5,,14,"England / Bennington, VT",False,0,0,1
3,0,"Canavan, Miss. Mary",1,21.0,0,0,364846,7.75,,,,False,0,1,0
3,0,"Skoog, Miss. Mabel",1,9.0,3,2,347088,27.9,,,,False,0,0,1
3,1,"Karun, Miss. Manca",1,4.0,0,1,349256,13.4167,,15,,False,1,0,0
3,1,"Andersson, Miss. Erna Alexandra",1,17.0,4,2,3101281,7.925,,D,"Ruotsinphyhtaa, Finland New York, NY",False,0,0,1
2,1,"Hamalainen, Mrs. William (Anna)",1,24.0,0,2,250649,14.5,,4,"Detroit, MI",False,0,0,1
2,0,"Harper, Rev. John",0,28.0,0,1,248727,33.0,,,"Denmark Hill, Surrey / Chicago",False,0,0,1
2,0,"Coleridge, Mr. Reginald Charles",0,29.0,0,0,W./C. 14263,10.5,,,"Hartford, Huntingdonshire",False,0,0,1
3,0,"Bjorklund, Mr. Ernst Herbert",0,18.0,0,0,347090,7.75,,,"Stockholm, Sweden New York",False,0,0,1
3,0,"Chronopoulos, Mr. Demetrios",0,18.0,1,0,2680,14.4542,,,Greece,False,1,0,0
2,1,"Drew, Mrs. James Vivian (Lulu Thorne Christian)",1,34.0,1,1,28220,32.5,,10,"Greenport, NY",False,0,0,1
1,1,"Kimball, Mr. Edwin Nelson Jr",0,42.0,1,0,11753,52.5542,D19,5,"Boston, MA",False,0,0,1
1,1,"Ismay, Mr. Joseph Bruce",0,49.0,0,0,112058,0.0,B52 B54 B56,C,Liverpool,False,0,0,1
3,0,"Dyker, Mr. Adolf Fredrik",0,23.0,1,0,347072,13.9,,,"West Haven, CT",False,0,0,1
3,0,"Culumovic, Mr. Jeso",0,17.0,0,0,315090,8.6625,,,Austria-Hungary,False,0,0,1
2,1,"Hocking, Miss. Ellen ""Nellie""",1,20.0,2,1,29105,23.0,,4,"Cornwall / Akron, OH",False,0,0,1
2,0,"Reeves, Mr. David",0,36.0,0,0,C.A. 17248,10.5,,,"Brighton, Sussex",False,0,0,1
2,0,"Chapman, Mr. John Henry",0,37.0,1,0,SC/AH 29037,26.0,,,"Cornwall / Spokane, WA",True,0,0,1
2,0,"Levy, Mr. Rene Jacques",0,36.0,0,0,SC/Paris 2163,12.875,D,,"Montreal, PQ",False,1,0,0
1,1,"Harris, Mrs. Henry Birkhardt (Irene Wallach)",1,35.0,1,0,36973,83.475,C83,D,"New York, NY",False,0,0,1
2,0,"Faunthorpe, Mr. Harry",0,40.0,1,0,2926,26.0,,,"England / Philadelphia, PA",True,0,0,1
2,0,"Navratil, Mr. Michel (""Louis M Hoffman"")",0,36.5,0,2,230080,26.0,F2,,"Nice, France",True,0,0,1
3,0,"Connaghton, Mr. Michael",0,31.0,0,0,335097,7.75,,,"Ireland Brooklyn, NY",False,0,1,0
3,0,"Katavelas, Mr. Vassilios (""Catavelas Vassilios"")",0,18.5,0,0,2682,7.2292,,,,True,1,0,0
2,1,"Hosono, Mr. Masabumi",0,42.0,0,0,237798,13.0,,10,"Tokyo, Japan",False,0,0,1
3,0,"Cacic, Miss. Marija",1,30.0,0,0,315084,8.6625,,,,False,0,0,1
3,0,"Peacock, Master. Alfred Edward",0,0.75,1,1,SOTON/O.Q. 3101315,13.775,,,,False,0,0,1
3,1,"Moor, Mrs. (Beila)",1,27.0,0,1,392096,12.475,E121,14,,False,0,0,1
1,0,"Crosby, Capt. Edward Gifford",0,70.0,1,1,WE/P 5735,71.0,B22,,"Milwaukee, WI",True,0,0,1
3,0,"Robins, Mr. Alexander A",0,50.0,1,0,A/5. 3337,14.5,,,,True,0,0,1
2,1,"Slayter, Miss. Hilda Mary",1,30.0,0,0,234818,12.35,,13,"Halifax, NS",False,0,1,0
3,1,"Pickard, Mr. Berk (Berk Trembisky)",0,32.0,0,0,SOTON/O.Q. 392078,8.05,E10,9,,False,0,0,1
2,1,"Troutt, Miss. Edwina Celia ""Winnie""",1,27.0,0,0,34218,10.5,E101,16,"Bath, England / Massachusetts",False,0,0,1
3,0,"Jussila, Miss. Mari Aina",1,21.0,1,0,4137,9.825,,,,False,0,0,1
3,0,"Zakarian, Mr. Mapriededer",0,26.5,0,0,2656,7.225,,,,True,1,0,0
1,1,"Schabert, Mrs. Paul (Emma Mock)",1,35.0,1,0,13236,57.75,C28,11,"New York, NY",False,1,0,0
2,0,"Greenberg, Mr. Samuel",0,52.0,0,0,250647,13.0,,,"Bronx, NY",True,0,0,1
3,0,"van Billiard, Master. Walter John",0,11.5,1,1,A/5. 851,14.5,,,,True,0,0,1
2,1,"Harper, Miss. Annie Jessie ""Nina""",1,6.0,0,1,248727,33.0,,11,"Denmark Hill, Surrey / Chicago",False,0,0,1
2,0,"Troupiansky, Mr. Moses Aaron",0,23.0,0,0,233639,13.0,,,,False,0,0,1
1,0,"Reuchlin, Jonkheer. John George",0,38.0,0,0,19972,0.0,,,"Rotterdam, Netherlands",False,0,0,1
2,0,"Jarvis, Mr. John Denzil",0,47.0,0,0,237565,15.0,,,"North Evington, England",False,0,0,1
2,0,"Nicholls, Mr. Joseph Charles",0,19.0,1,1,C.A. 33112,36.75,,,"Cornwall / Hancock, MI",True,0,0,1
1,0,"Isham, Miss. Ann Elizabeth",1,50.0,0,0,PC 17595,28.7125,C49,,"Paris, France New York, NY",False,1,0,0
2,0,"Fillbrook, Mr. Joseph Charles",0,18.0,0,0,C.A. 15185,10.5,,,"Cornwall / Houghton, MI",False,0,0,1
3,0,"Osen, Mr. Olaf Elon",0,16.0,0,0,7534,9.2167,,,,False,0,0,1
1,1,"Minahan, Miss. Daisy E",1,33.0,1,0,19928,90.0,C78,14,"Green Bay, WI",False,0,1,0
3,1,"Karun, Mr. Franz",0,39.0,0,1,349256,13.4167,,15,,False,1,0,0
2,0,"Lingane, Mr. John",0,61.0,0,0,235509,12.35,,,,False,0,1,0
3,0,"Lindell, Mr. Edvard Bengtsson",0,36.0,1,0,349910,15.55,,A,,False,0,0,1
1,0,"Loring, Mr. Joseph Holland",0,30.0,0,0,113801,45.5,,,"London / New York, NY",False,0,0,1
3,0,"Drazenoic, Mr. Jozef",0,33.0,0,0,349241,7.8958,,,"Austria Niagara Falls, NY",True,1,0,0
3,1,"Assaf Khalil, Mrs. Mariana (""Miriam"")",1,45.0,0,0,2696,7.225,,C,"Ottawa, ON",False,1,0,0
3,0,"Nysveen, Mr. Johan Hansen",0,61.0,0,0,345364,6.2375,,,,False,0,0,1
3,0,"Petersen, Mr. Marius",0,24.0,0,0,342441,8.05,,,,False,0,0,1
1,0,"Nicholson, Mr. Arthur Ernest",0,64.0,0,0,693,26.0,,,"Isle of Wight, England",True,0,0,1
2,1,"Brown, Miss. Amelia ""Mildred""",1,24.0,0,0,248733,13.0,F33,11,"London / Montreal, PQ",False,0,0,1
2,1,"Phillips, Miss. Alice Frances Louisa",1,21.0,0,1,S.O./P.P. 2,21.0,,12,"Ilfracombe, Devon",False,0,0,1
3,0,"Cacic, Miss. Manda",1,21.0,0,0,315087,8.6625,,,,False,0,0,1
2,1,"Doling, Miss. Elsie",1,18.0,0,1,231919,23.0,,,Southampton,False,0,0,1
1,0,"McCarthy, Mr. Timothy J",0,54.0,0,0,17463,51.8625,E46,,"Dorchester, MA",True,0,0,1
1,0,"Ryerson, Mr. Arthur Larned",0,61.0,1,3,PC 17608,262.375,B57 B59 B63 B66,,"Haverford, PA / Cooperstown, NY",False,1,0,0
3,0,"Van Impe, Mr. Jean Baptiste",0,36.0,1,1,345773,24.15,,,,False,0,0,1
3,0,"Skoog, Master. Karl Thorsten",0,10.0,3,2,347088,27.9,,,,False,0,0,1
3,0,"Stankovic, Mr. Ivan",0,33.0,0,0,349239,8.6625,,,,False,1,0,0
3,1,"Coutts, Mrs. William (Winnie ""Minnie"" Treanor)",1,36.0,0,2,C.A. 37671,15.9,,2,"England Brooklyn, NY",False,0,0,1
2,0,"Phillips, Mr. Escott Robert",0,43.0,0,1,S.O./P.P. 2,21.0,,,"Ilfracombe, Devon",False,0,0,1
1,0,"Davidson, Mr. Thornton",0,31.0,1,0,F.C. 12750,52.0,B71,,"Montreal, PQ",False,0,0,1
1,1,"Bishop, Mr. Dickinson H",0,25.0,1,0,11967,91.0792,B49,7,"Dowagiac, MI",False,1,0,0
1,1,"Frolicher-Stehli, Mrs. Maxmillian (Margaretha Emerentia Stehli)",1,48.0,1,1,13567,79.2,B41,5,"Zurich, Switzerland",False,1,0,0
3,0,"Augustsson, Mr. Albert",0,23.0,0,0,347468,7.8542,,,"Krakoryd, Sweden Bloomington, IL",False,0,0,1
3,1,"Nakid, Mrs. Said (Waika ""Mary"" Mowad)",1,19.0,1,1,2653,15.7417,,C,,False,1,0,0
2,0,"Carbines, Mr. William",0,19.0,0,0,28424,13.0,,,"St Ives, Cornwall / Calumet, MI",True,0,0,1
1,0,"Fortune, Mr. Mark",0,64.0,1,4,19950,263.0,C23 C25 C27,,"Winnipeg, MB",False,0,0,1
3,1,"Chip, Mr. Chang",0,32.0,0,0,1601,56.4958,,C,"Hong Kong New York, NY",False,0,0,1
1,0,"Natsch, Mr. Charles H",0,37.0,0,1,PC 17596,29.7,C118,,"Brooklyn, NY",False,1,0,0
1,1,"Swift, Mrs. Frederick Joel (Margaret Welles Barron)",1,48.0,0,0,17466,25.9292,D17,8,"Brooklyn, NY",False,0,0,1
3,0,"Strandberg, Miss. Ida Sofia",1,22.0,0,0,7553,9.8375,,,,False,0,0,1
3,0,"Pavlovic, Mr. Stefo",0,32.0,0,0,349242,7.8958,,,,False,0,0,1
3,0,"Mangan, Miss. Mary",1,30.5,0,0,364850,7.75,,,,True,0,1,0
2,1,"Sinkkonen, Miss. Anna",1,30.0,0,0,250648,13.0,,10,"Finland / Washington, DC",False,0,0,1
2,0,"Carter, Mrs. Ernest Courtenay (Lilian Hughes)",1,44.0,1,0,244252,26.0,,,London,False,0,0,1
3,1,"Dorking, Mr. Edward Arthur",0,19.0,0,0,A/5. 10482,8.05,,B,"England Oglesby, IL",False,0,0,1
3,0,"Duane, Mr. Frank",0,65.0,0,0,336439,7.75,,,,False,0,1,0
2,1,"Oxenham, Mr. Percy Thomas",0,22.0,0,0,W./C. 14260,10.5,,13,"Pondersend, England / New Durham, NJ",False,0,0,1
3,0,"Windelov, Mr. Einar",0,21.0,0,0,SOTON/OQ 3101317,7.25,,,,False,0,0,1
2,0,"Herman, Mr. Samuel",0,49.0,1,2,220845,65.0,,,"Somerset / Bernardsville, NJ",False,0,0,1
3,0,"Andersson, Miss. Ingeborg Constanzia",1,9.0,4,2,347082,31.275,,,"Sweden Winnipeg, MN",False,0,0,1
3,0,"Jussila, Miss. Katriina",1,20.0,1,0,4136,9.825,,,,False,0,0,1
3,0,"Karaic, Mr. Milan",0,30.0,0,0,349246,7.8958,,,,False,0,0,1
1,0,"Foreman, Mr. Benjamin Laventall",0,30.0,0,0,113051,27.75,C111,,"New York, NY",False,1,0,0
2,1,"Christy, Mrs. (Alice Frances)",1,45.0,0,2,237789,30.0,,12,London,False,0,0,1
2,0,"Rogers, Mr. Reginald Harry",0,19.0,0,0,28004,10.5,,,,False,0,0,1
2,0,"Baimbrigge, Mr. Charles Robert",0,23.0,0,0,C.A. 31030,10.5,,,Guernsey,False,0,0,1
1,1,"Endres, Miss. Caroline Louise",1,38.0,0,0,PC 17757,227.525,C45,4,"New York, NY",False,1,0,0
2,0,"Hocking, Mr. Richard George",0,23.0,2,1,29104,11.5,,,"Cornwall / Akron, OH",False,0,0,1
2,1,"Buss, Miss. Kate",1,36.0,0,0,27849,13.0,,9,"Sittingbourne, England / San Diego, CA",False,0,0,1
3,0,"Leonard, Mr. Lionel",0,36.0,0,0,LINE,0.0,,,,False,0,0,1
1,0,"Harrison, Mr. William",0,40.0,0,0,112059,0.0,B94,,,True,0,0,1
3,1,"Lindqvist, Mr. Eino William",0,20.0,1,0,STON/O 2. 3101285,7.925,,15,,False,0,0,1
3,0,"Leinonen, Mr. Antti Gustaf",0,32.0,0,0,STON/O 2. 3101292,7.925,,,,False,0,0,1
2,0,"West, Mr. Edwy Arthur",0,36.0,1,2,C.A. 34651,27.75,,,"Bournmouth, England",False,0,0,1
1,1,"Bazzani, Miss. Albina",1,32.0,0,0,11813,76.2917,D15,8,,False,1,0,0
1,1,"Hippach, Miss. Jean Gertrude",1,16.0,0,1,111361,57.9792,B18,4,"Chicago, IL",False,1,0,0
1,0,"Smart, Mr. John Montgomery",0,56.0,0,0,113792,26.55,,,"New York, NY",False,0,0,1
1,0,"Keeping, Mr. Edwin",0,32.5,0,0,113503,211.5,C132,,,True,1,0,0
2,0,"Jacobsohn, Mr. Sidney Samuel",0,42.0,1,0,243847,27.0,,,London,False,0,0,1
1,1,"Frauenthal, Mr. Isaac Gerald",0,43.0,1,0,17765,27.7208,D40,5,"New York, NY",False,1,0,0
1,1,"Candee, Mrs. Edward (Helen Churchill Hungerford)",1,53.0,0,0,PC 17606,27.4458,,6,"Washington, DC",False,1,0,0
2,0,"Byles, Rev. Thomas Roussel Davids",0,42.0,0,0,244310,13.0,,,London,False,0,0,1
3,0,"Novel, Mr. Mansouer",0,28.5,0,0,2697,7.2292,,,,True,1,0,0
3,0,"Wenzel, Mr. Linhart",0,32.5,0,0,345775,9.5,,,,True,0,0,1
3,0,"Torber, Mr. Ernst William",0,44.0,0,0,364511,8.05,,,,False,0,0,1
3,1,"Coutts, Master. William Loch ""William""",0,3.0,1,1,C.A. 37671,15.9,,2,"England Brooklyn, NY",False,0,0,1
2,0,"Howard, Mr. Benjamin",0,63.0,1,0,24065,26.0,,,"Swindon, England",False,0,0,1
3,0,"Spinner, Mr. Henry John",0,32.0,0,0,STON/OQ. 369943,8.05,,,,False,0,0,1
3,0,"Cribb, Mr. John Hatfield",0,44.0,0,1,371362,16.1,,,"Bournemouth, England Newark, NJ",False,0,0,1
3,0,"Nancarrow, Mr. William Henry",0,33.0,0,0,A./5. 3338,8.05,,,,False,0,0,1
3,0,"Braf, Miss. Elin Ester Maria",1,20.0,0,0,347471,7.8542,,,"Medeltorp, Sweden Chicago, IL",False,0,0,1
2,1,"Drew, Master. Marshall Brines",0,8.0,0,2,28220,32.5,,10,"Greenport, NY",False,0,0,1
3,0,"Corn, Mr. Harry",0,30.0,0,0,SOTON/OQ 392090,8.05,,,London,False,0,0,1
2,0,"Hodges, Mr. Henry Price",0,50.0,0,0,250643,13.0,,,Southampton,True,0,0,1
3,0,"Jensen, Mr. Niels Peder",0,48.0,0,0,350047,7.8542,,,,False,0,0,1
2,1,"Portaluppi, Mr. Emilio Ilario Giuseppe",0,30.0,0,0,C.A. 34644,12.7375,,14,"Milford, NH",False,1,0,0
3,0,"Bourke, Mr. John",0,40.0,1,1,364849,15.5,,,"Ireland Chicago, IL",False,0,1,0
3,0,"Peacock, Mrs. Benjamin (Edith Nile)",1,26.0,0,2,SOTON/O.Q. 3101315,13.775,,,,False,0,0,1
1,1,"Andrews, Miss. Kornelia Theodosia",1,63.0,1,0,13502,77.9583,D7,10,"Hudson, NY",False,0,0,1
3,0,"Andersson, Master. Sigvard Harald Elias",0,4.0,4,2,347082,31.275,,,"Sweden Winnipeg, MN",False,0,0,1
3,0,"Fischer, Mr. Eberhard Thelander",0,18.0,0,0,350036,7.7958,,,,False,0,0,1
1,1,"Clark, Mrs. Walter Miller (Virginia McDowell)",1,26.0,1,0,13508,136.7792,C89,4,"Los Angeles, CA",False,1,0,0
3,0,"Nosworthy, Mr. Richard Cater",0,21.0,0,0,A/4. 39886,7.8,,,,False,0,0,1
1,1,"Bjornstrom-Steffansson, Mr. Mauritz Hakan",0,28.0,0,0,110564,26.55,C52,D,"Stockholm, Sweden / Washington, DC",False,0,0,1
1,0,"Cumings, Mr. John Bradley",0,39.0,1,0,PC 17599,71.2833,C85,,"New York, NY",False,1,0,0
3,0,"Panula, Mr. Ernesti Arvid",0,16.0,4,1,3101295,39.6875,,,,False,0,0,1
2,1,"Becker, Master. Richard F",0,1.0,2,1,230136,39.0,F4,11,"Guntur, India / Benton Harbour, MI",False,0,0,1
3,0,"Reynolds, Mr. Harold J",0,21.0,0,0,342684,8.05,,,,False,0,0,1
3,1,"Sheerlinck, Mr. Jan Baptist",0,29.0,0,0,345779,9.5,,11,,False,0,0,1
3,1,"de Messemaeker, Mr. Guillaume Joseph",0,36.5,1,0,345572,17.4,,15,"Tampico, MT",False,0,0,1
3,1,"Ohman, Miss. Velin",1,22.0,0,0,347085,7.775,,C,,False,0,0,1
3,0,"Vander Cruyssen, Mr. Victor",0,47.0,0,0,345765,9.0,,,,False,0,0,1
3,0,"Hakkarainen, Mr. Pekka Pietari",0,28.0,1,0,STON/O2. 3101279,15.85,,,,False,0,0,1
1,0,"Van der hoef, Mr. Wyckoff",0,61.0,0,0,111240,33.5,B19,,"Brooklyn, NY",True,0,0,1
3,0,"Hansen, Mr. Henry Damsgaard",0,21.0,0,0,350029,7.8542,,,,True,0,0,1
2,1,"Watt, Mrs. James (Elizabeth ""Bessie"" Inglis Milne)",1,40.0,0,0,C.A. 33595,15.75,,9,"Aberdeen / Portland, OR",False,0,0,1
3,0,"Gronnestad, Mr. Daniel Danielsen",0,32.0,0,0,8471,8.3625,,,"Foresvik, Norway Portland, ND",False,0,0,1
1,0,"Hays, Mr. Charles Melville",0,55.0,1,1,12749,93.5,B69,,"Montreal, PQ",True,0,0,1
1,1,"Aubart, Mme. Leontine Pauline",1,24.0,0,0,PC 17477,69.3,B35,9,"Paris, France",False,1,0,0
2,0,"Harris, Mr. Walter",0,30.0,0,0,W/C 14208,10.5,,,"Walthamstow, England",False,0,0,1
3,0,"Vendel, Mr. Olof Edvin",0,20.0,0,0,350416,7.8542,,,,False,0,0,1
1,0,"Marvin, Mr. Daniel Warner",0,19.0,1,0,113773,53.1,D30,,"New York, NY",False,0,0,1
3,0,"Rice, Master. George Hugh",0,8.0,4,1,382652,29.125,,,,False,0,1,0
3,1,"Lulic, Mr. Nikola",0,27.0,0,0,315098,8.6625,,15,,False,0,0,1
3,0,"Ilmakangas, Miss. Ida Livija",1,27.0,1,0,STON/O2. 3101270,7.925,,,,False,0,0,1
1,0,"Molson, Mr. Harry Markland",0,55.0,0,0,113787,30.5,C30,,"Montreal, PQ",False,0,0,1
3,1,"Thomas, Mrs. Alexander (Thamine ""Thelma"")",1,16.0,1,1,2625,8.5167,,14,,False,1,0,0
2,1,"Lehmann, Miss. Bertha",1,17.0,0,0,SC 1748,12.0,,12,"Berne, Switzerland / Central City, IA",False,1,0,0
3,1,"Abrahamsson, Mr. Abraham August Johannes",0,20.0,0,0,SOTON/O2 3101284,7.925,,15,"Taalintehdas, Finland Hoboken, NJ",False,0,0,1
1,0,"Millet, Mr. Francis Davis",0,65.0,0,0,13509,26.55,E38,,"East Bridgewater, MA",True,0,0,1
1,1,"Gibson, Mrs. Leonard (Pauline C Boeson)",1,45.0,0,1,112378,59.4,,7,"New York, NY",False,1,0,0
3,0,"Salander, Mr. Karl Johan",0,24.0,0,0,7266,9.325,,,,False,0,0,1
1,0,"Lindeberg-Lind, Mr. Erik Gustaf (""Mr Edward Lingrey"")",0,42.0,0,0,17475,26.55,,,"Stockholm, Sweden",False,0,0,1
2,1,"Abelson, Mrs. Samuel (Hannah Wizosky)",1,28.0,1,0,P/PP 3381,24.0,,10,"Russia New York, NY",False,1,0,0
3,0,"Goodwin, Mrs. Frederick (Augusta Tyler)",1,43.0,1,6,CA 2144,46.9,,,"Wiltshire, England Niagara Falls, NY",False,0,0,1
2,0,"Fox, Mr. Stanley Hubert",0,36.0,0,0,229236,13.0,,,"Rochester, NY",True,0,0,1
3,0,"Barbara, Mrs. (Catherine David)",1,45.0,0,1,2691,14.4542,,,"Syria Ottawa, ON",False,1,0,0
3,1,"Emanuel, Miss. Virginia Ethel",1,5.0,0,0,364516,12.475,,13,"New York, NY",False,0,0,1
2,0,"Sharp, Mr. Percival James R",0,27.0,0,0,244358,26.0,,,"Hornsey, England",False,0,0,1
3,0,"Kelly, Mr. James",0,34.5,0,0,330911,7.8292,,,,True,0,1,0
3,0,"Elias, Mr. Tannous",0,15.0,1,1,2695,7.2292,,,Syria,False,1,0,0
1,1,"White, Mrs. John Stuart (Ella Holmes)",1,55.0,0,0,PC 17760,135.6333,C32,8,"New York, NY / Briarcliff Manor NY",False,1,0,0
3,1,"de Messemaeker, Mrs. Guillaume Joseph (Emma)",1,36.0,1,0,345572,17.4,,13,"Tampico, MT",False,0,0,1
1,1,"Newell, Miss. Madeleine",1,31.0,1,0,35273,113.275,D36,6,"Lexington, MA",False,1,0,0
1,0,"Clark, Mr. Walter Miller",0,27.0,1,0,13508,136.7792,C89,,"Los Angeles, CA",False,1,0,0
1,0,"Wick, Mr. George Dennick",0,57.0,1,1,36928,164.8667,,,"Youngstown, OH",False,0,0,1
2,1,"Phillips, Miss. Kate Florence (""Mrs Kate Louise Phillips Marshall"")",1,19.0,0,0,250655,26.0,,11,"Worcester, England",False,0,0,1
1,1,"Ward, Miss. Anna",1,35.0,0,0,PC 17755,512.3292,,3,,False,1,0,0
3,0,"Farrell, Mr. James",0,40.5,0,0,367232,7.75,,,"Aughnacliff, Co Longford, Ireland New York, NY",True,0,1,0
1,1,"Sagesser, Mlle. Emma",1,24.0,0,0,PC 17477,69.3,B35,9,,False,1,0,0
3,0,"Gustafsson, Mr. Anders Vilhelm",0,37.0,2,0,3101276,7.925,,,"Ruotsinphytaa, Finland New York, NY",True,0,0,1
3,1,"Hirvonen, Mrs. Alexander (Helga E Lindqvist)",1,22.0,1,1,3101298,12.2875,,15,,False,0,0,1
1,1,"Ryerson, Master. John Borie",0,13.0,2,2,PC 17608,262.375,B57 B59 B63 B66,4,"Haverford, PA / Cooperstown, NY",False,1,0,0
1,1,"Madill, Miss. Georgette Alexandra",1,15.0,0,1,24160,211.3375,B5,2,"St Louis, MO",False,0,0,1
1,1,"Graham, Mrs. William Thompson (Edith Junkins)",1,58.0,0,1,PC 17582,153.4625,C125,3,"Greenwich, CT",False,0,0,1
3,0,"Chronopoulos, Mr. Apostolos",0,26.0,1,0,2680,14.4542,,,Greece,False,1,0,0
1,0,"Pears, Mr. Thomas Clinton",0,29.0,1,0,113776,66.6,C2,,"Isleworth, England",False,0,0,1
2,0,"Gale, Mr. Harry",0,38.0,1,0,28664,21.0,,,"Cornwall / Clear Creek, CO",False,0,0,1
1,1,"Ryerson, Miss. Susan Parker ""Suzette""",1,21.0,2,2,PC 17608,262.375,B57 B59 B63 B66,4,"Haverford, PA / Cooperstown, NY",False,1,0,0
3,0,"Asplund, Master. Filip Oscar",0,13.0,4,2,347077,31.3875,,,"Sweden Worcester, MA",False,0,0,1
3,0,"Dennis, Mr. William",0,36.0,0,0,A/5 21175,7.25,,,,False,0,0,1
2,1,"Caldwell, Master. Alden Gates",0,0.8333,0,2,248738,29.0,,13,"Bangkok, Thailand / Roseville, IL",False,0,0,1
3,1,"Hirvonen, Miss. Hildur E",1,2.0,0,1,3101298,12.2875,,15,,False,0,0,1
3,1,"Olsson, Mr. Oscar Wilhelm",0,32.0,0,0,347079,7.775,,A,,False,0,0,1
3,0,"Hendekovic, Mr. Ignjac",0,28.0,0,0,349243,7.8958,,,,True,0,0,1
1,0,"McCaffry, Mr. Thomas Francis",0,46.0,0,0,13050,75.2417,C6,,"Vancouver, BC",True,1,0,0
3,0,"Maenpaa, Mr. Matti Alexanteri",0,22.0,0,0,STON/O 2. 3101275,7.125,,,,False,0,0,1
3,1,"Dyker, Mrs. Adolf Fredrik (Anna Elisabeth Judith Andersson)",1,22.0,1,0,347072,13.9,,16,"West Haven, CT",False,0,0,1
1,1,"Stephenson, Mrs. Walter Bertram (Martha Eustis)",1,52.0,1,0,36947,78.2667,D20,4,"Haverford, PA",False,1,0,0
3,0,"McNamee, Mrs. Neal (Eileen O'Leary)",1,19.0,1,0,376566,16.1,,,,True,0,0,1
2,1,"Richards, Master. George Sibley",0,0.8333,1,1,29106,18.75,,4,"Cornwall / Akron, OH",False,0,0,1
2,0,"Beauchamp, Mr. Henry James",0,28.0,0,0,244358,26.0,,,England,False,0,0,1
2,1,"Pallas y Castello, Mr. Emilio",0,29.0,0,0,SC/PARIS 2147,13.8583,,9,"Spain / Havana, Cuba",False,1,0,0
3,0,"Coelho, Mr. Domingos Fernandeo",0,20.0,0,0,SOTON/O.Q. 3101307,7.05,,,Portugal,False,0,0,1
2,0,"Bailey, Mr. Percy Andrew",0,18.0,0,0,29108,11.5,,,"Penzance, Cornwall / Akron, OH",False,0,0,1
3,0,"Rice, Master. Eric",0,7.0,4,1,382652,29.125,,,,False,0,1,0
2,0,"de Brito, Mr. Jose Joaquim",0,32.0,0,0,244360,13.0,,,"Portugal / Sau Paulo, Brazil",False,0,0,1
3,0,"Salonen, Mr. Johan Werner",0,39.0,0,0,3101296,7.925,,,,False,0,0,1
3,0,"Robins, Mrs. Alexander A (Grace Charity Laury)",1,47.0,1,0,A/5. 3337,14.5,,,,True,0,0,1
2,1,"Richards, Master. William Rowe",0,3.0,1,1,29106,18.75,,4,"Cornwall / Akron, OH",False,0,0,1
1,1,"Futrelle, Mrs. Jacques Heath (Lily May Peel)",1,35.0,1,0,113803,53.1,C123,D,"Scituate, MA",False,0,0,1
3,1,"Touma, Mrs. Darwis (Hanne Youssef Razi)",1,29.0,0,2,2650,15.2458,,C,,False,1,0,0
1,0,"Smith, Mr. James Clinch",0,56.0,0,0,17764,30.6958,A7,,"St James, Long Island, NY",False,1,0,0
2,1,"Bentham, Miss. Lilian W",1,19.0,0,0,28404,13.0,,12,"Rochester, NY",False,0,0,1
3,0,"Panula, Mrs. Juha (Maria Emilia Ojala)",1,41.0,0,5,3101295,39.6875,,,,False,0,0,1
3,1,"Baclini, Miss. Marie Catherine",1,5.0,2,1,2666,19.2583,,C,"Syria New York, NY",False,1,0,0
3,1,"Lundstrom, Mr. Thure Edvin",0,32.0,0,0,350403,7.5792,,15,,False,0,0,1
1,0,"Evans, Miss. Edith Corse",1,36.0,0,0,PC 17531,31.6792,A29,,"New York, NY",False,1,0,0
3,0,"Danoff, Mr. Yoto",0,27.0,0,0,349219,7.8958,,,"Bulgaria Chicago, IL",False,0,0,1
3,1,"Krekorian, Mr. Neshan",0,25.0,0,0,2654,7.2292,F E57,10,,False,1,0,0
2,0,"Giles, Mr. Edgar",0,21.0,1,0,28133,11.5,,,"Cornwall / Camden, NJ",False,0,0,1
3,0,"Pokrnic, Mr. Tome",0,24.0,0,0,315092,8.6625,,,,False,0,0,1
2,1,"Smith, Miss. Marion Elsie",1,40.0,0,0,31418,13.0,,9,,False,0,0,1
2,1,"Wells, Master. Ralph Lester",0,2.0,1,1,29103,23.0,,14,"Cornwall / Akron, OH",False,0,0,1
1,0,"Walker, Mr. William Anderson",0,47.0,0,0,36967,34.0208,D46,,"East Orange, NJ",False,0,0,1
3,0,"Peacock, Miss. Treasteall",1,3.0,1,1,SOTON/O.Q. 3101315,13.775,,,,False,0,0,1
3,1,"Dean, Master. Bertram Vere",0,1.0,1,2,C.A. 2315,20.575,,10,"Devon, England Wichita, KS",False,0,0,1
3,0,"McGowan, Miss. Katherine",1,35.0,0,0,9232,7.75,,,,False,0,1,0
2,0,"Laroche, Mr. Joseph Philippe Lemercier",0,25.0,1,2,SC/Paris 2123,41.5792,,,Paris / Haiti,False,1,0,0
3,0,"Holm, Mr. John Fredrik Alexander",0,43.0,0,0,C 7075,6.45,,,,False,0,0,1
2,0,"Corbett, Mrs. Walter H (Irene Colvin)",1,30.0,0,0,237249,13.0,,,"Provo, UT",False,0,0,1
1,1,"Fortune, Mrs. Mark (Mary McDougald)",1,60.0,1,4,19950,263.0,C23 C25 C27,10,"Winnipeg, MB",False,0,0,1
1,1,"Thayer, Mrs. John Borland (Marian Longstreth Morris)",1,39.0,1,1,17421,110.8833,C68,4,"Haverford, PA",False,1,0,0
3,1,"Olsen, Master. Artur Karl",0,9.0,0,1,C 17368,3.1708,,13,,False,0,0,1
2,1,"Parrish, Mrs. (Lutie Davis)",1,50.0,0,1,230433,26.0,,12,"Woodford County, KY",False,0,0,1
3,1,"Backstrom, Mrs. Karl Alfred (Maria Mathilda Gustafsson)",1,33.0,3,0,3101278,15.85,,,"Ruotsinphytaa, Finland New York, NY",False,0,0,1
3,1,"Sap, Mr. Julius",0,25.0,0,0,345768,9.5,,11,,False,0,0,1
2,1,"Faunthorpe, Mrs. Lizzie (Elizabeth Anne Wilkinson)",1,29.0,1,0,2926,26.0,,16,,False,0,0,1
1,0,"Partner, Mr. Austen",0,45.5,0,0,113043,28.5,C124,,"Surbiton Hill, Surrey",True,0,0,1
1,1,"Gracie, Col. Archibald IV",0,53.0,0,0,113780,28.5,C51,B,"Washington, DC",False,1,0,0
3,0,"Riihivouri, Miss. Susanna Juhantytar ""Sanni""",1,22.0,0,0,3101295,39.6875,,,,False,0,0,1
3,1,"Aks, Mrs. Sam (Leah Rosen)",1,18.0,0,1,392091,9.35,,13,"London, England Norfolk, VA",False,0,0,1
2,1,"Nasser, Mrs. Nicholas (Adele Achem)",1,14.0,1,0,237736,30.0708,,,"New York, NY",False,1,0,0
3,0,"Abbing, Mr. Anthony",0,42.0,0,0,C.A. 5547,7.55,,,,False,0,0,1
2,1,"Caldwell, Mrs. Albert Francis (Sylvia Mae Harbaugh)",1,22.0,1,1,248738,29.0,,13,"Bangkok, Thailand / Roseville, IL",False,0,0,1
1,1,"Gibson, Miss. Dorothy Winifred",1,22.0,0,1,112378,59.4,,7,"New York, NY",False,1,0,0
1,1,"Dodge, Dr. Washington",0,53.0,1,1,33638,81.8583,A34,13,"San Francisco, CA",False,0,0,1
1,0,"Thayer, Mr. John Borland",0,49.0,1,1,17421,110.8833,C68,,"Haverford, PA",False,1,0,0
1,1,"Anderson, Mr. Harry",0,48.0,0,0,19952,26.55,E12,3,"New York, NY",False,0,0,1
2,1,"Webber, Miss. Susan",1,32.5,0,0,27267,13.0,E101,12,"England / Hartford, CT",False,0,0,1
1,1,"Francatelli, Miss. Laura Mabel",1,30.0,0,0,PC 17485,56.9292,E36,1,,False,1,0,0
1,1,"Bissette, Miss. Amelia",1,35.0,0,0,PC 17760,135.6333,C99,8,,False,0,0,1
2,1,"Becker, Miss. Ruth Elizabeth",1,12.0,2,1,230136,39.0,F4,13,"Guntur, India / Benton Harbour, MI",False,0,0,1
3,0,"Stanley, Mr. Edward Roland",0,21.0,0,0,A/4 45380,8.05,,,,False,0,0,1
3,0,"Moen, Mr. Sigurd Hansen",0,25.0,0,0,348123,7.65,F G73,,,True,0,0,1
3,0,"Kink, Mr. Vincenz",0,26.0,2,0,315151,8.6625,,,,False,0,0,1
1,0,"Minahan, Dr. William Edward",0,44.0,2,0,19928,90.0,C78,,"Fond du Lac, WI",True,0,1,0
1,1,"Hippach, Mrs. Louis Albert (Ida Sophia Fischer)",1,44.0,0,1,111361,57.9792,B18,4,"Chicago, IL",False,1,0,0
1,1,"Silvey, Mrs. William Baird (Alice Munger)",1,39.0,1,0,13507,55.9,E44,11,"Duluth, MN",False,0,0,1
3,1,"Carr, Miss. Helen ""Ellen""",1,16.0,0,0,367231,7.75,,16,"Co Longford, Ireland New York, NY",False,0,1,0
3,0,"Barbara, Miss. Saiide",1,18.0,0,1,2691,14.4542,,,"Syria Ottawa, ON",False,1,0,0
3,0,"Karlsson, Mr. Nils August",0,22.0,0,0,350060,7.5208,,,,False,0,0,1
1,1,"Astor, Mrs. John Jacob (Madeleine Talmadge Force)",1,18.0,1,0,PC 17757,227.525,C62 C64,4,"New York, NY",False,1,0,0
2,0,"Louch, Mr. Charles Alexander",0,50.0,1,0,SC/AH 3085,26.0,,,"Weston-Super-Mare, Somerset",True,0,0,1
3,0,"Zabour, Miss. Hileni",1,14.5,1,0,2665,14.4542,,,,True,1,0,0
3,0,"Olsvigen, Mr. Thor Anderson",0,20.0,0,0,6563,9.225,,,"Oslo, Norway Cameron, WI",True,0,0,1
3,1,"Cribb, Miss. Laura Alice",1,17.0,0,1,371362,16.1,,12,"Bournemouth, England Newark, NJ",False,0,0,1
1,0,"Weir, Col. John",0,60.0,0,0,113800,26.55,,,"England Salt Lake City, Utah",False,0,0,1
2,0,"Brown, Mr. Thomas William Solomon",0,60.0,1,1,29750,39.0,,,"Cape Town, South Africa / Seattle, WA",False,0,0,1
2,1,"Sincock, Miss. Maude",1,20.0,0,0,C.A. 33112,36.75,,11,"Cornwall / Hancock, MI",False,0,0,1
1,1,"Bucknell, Mrs. William Robert (Emma Eliza Ward)",1,60.0,0,0,11813,76.2917,D15,8,"Philadelphia, PA",False,1,0,0
3,0,"Badt, Mr. Mohamed",0,40.0,0,0,2623,7.225,,,,False,1,0,0
3,0,"Jensen, Mr. Hans Peder",0,20.0,0,0,350050,7.8542,,,,False,0,0,1
3,0,"Ford, Mr. Edward Watson",0,18.0,2,2,W./C. 6608,34.375,,,"Rotherfield, Sussex, England Essex Co, MA",False,0,0,1
3,0,"Cor, Mr. Liudevit",0,19.0,0,0,349231,7.8958,,,Austria,False,0,0,1
3,1,"Jonsson, Mr. Carl",0,32.0,0,0,350417,7.8542,,15,,False,0,0,1
3,0,"Larsson, Mr. August Viktor",0,29.0,0,0,7545,9.4833,,,,False,0,0,1
1,0,"Widener, Mr. Harry Elkins",0,27.0,0,2,113503,211.5,C82,,"Elkins Park, PA",False,1,0,0
2,0,"Cotterill, Mr. Henry ""Harry""",0,21.0,0,0,29107,11.5,,,"Penzance, Cornwall / Akron, OH",False,0,0,1
3,0,"Petterson, Mr. Johan Emil",0,25.0,1,0,347076,7.775,,,,False,0,0,1
2,0,"Mitchell, Mr. Henry Michael",0,70.0,0,0,C.A. 24580,10.5,,,"Guernsey / Montclair, NJ and/or Toledo, Ohio",False,0,0,1
2,0,"Gale, Mr. Shadrach",0,34.0,1,0,28664,21.0,,,"Cornwall / Clear Creek, CO",False,0,0,1
1,0,"Carrau, Mr. Jose Pedro",0,17.0,0,0,113059,47.1,,,"Montevideo, Uruguay",False,0,0,1
3,0,"Elias, Mr. Joseph Jr",0,17.0,1,1,2690,7.2292,,,,False,1,0,0
3,0,"Dika, Mr. Mirko",0,17.0,0,0,349232,7.8958,,,,False,0,0,1
3,0,"Goodwin, Master. William Frederick",0,11.0,5,2,CA 2144,46.9,,,"Wiltshire, England Niagara Falls, NY",False,0,0,1
2,1,"Shelley, Mrs. William (Imanita Parrish Hall)",1,25.0,0,1,230433,26.0,,12,"Deer Lodge, MT",False,0,0,1
3,0,"Gallagher, Mr. Martin",0,25.0,0,0,36864,7.7417,,,"New York, NY",False,0,1,0
1,0,"Allison, Miss. Helen Loraine",1,2.0,1,2,113781,151.55,C22 C26,,"Montreal, PQ / Chesterville, ON",False,0,0,1
3,0,"Crease, Mr. Ernest James",0,19.0,0,0,S.P. 3464,8.1583,,,"Bristol, England Cleveland, OH",False,0,0,1
3,0,"Lievens, Mr. Rene Aime",0,24.0,0,0,345781,9.5,,,,False,0,0,1
2,0,"Downton, Mr. William James",0,54.0,0,0,28403,26.0,,,"Holley, NY",False,0,0,1
2,0,"Lahtinen, Mrs. William (Anna Sylfven)",1,26.0,1,1,250651,26.0,,,"Minneapolis, MN",False,0,0,1
1,1,"LeRoy, Miss. Bertha",1,30.0,0,0,PC 17761,106.425,,2,,False,1,0,0
3,0,"Hegarty, Miss. Hanora ""Nora""",1,18.0,0,0,365226,6.75,,,,False,0,1,0
3,0,"Coxon, Mr. Daniel",0,59.0,0,0,364500,7.25,,,"Merrill, WI",False,0,0,1
3,0,"Carver, Mr. Alfred John",0,28.0,0,0,392095,7.25,,,"St Denys, Southampton, Hants",False,0,0,1
2,1,"Angle, Mrs. William A (Florence ""Mary"" Agnes Hughes)",1,36.0,1,0,226875,26.0,,11,"Warwick, England",False,0,0,1
1,1,"Crosby, Miss. Harriet R",1,36.0,0,2,WE/P 5735,71.0,B22,7,"Milwaukee, WI",False,0,0,1
1,1,"Bonnell, Miss. Caroline",1,30.0,0,0,36928,164.8667,C7,8,"Youngstown, OH",False,0,0,1
3,0,"Klasen, Miss. Gertrud Emilia",1,1.0,1,1,350405,12.1833,,,,False,0,0,1
3,0,"Goldsmith, Mr. Frank John",0,33.0,1,1,363291,20.525,,,"Strood, Kent, England Detroit, MI",False,0,0,1
3,0,"Lovell, Mr. John Hall (""Henry"")",0,20.5,0,0,A/5 21173,7.25,,,,False,0,0,1
3,0,"Skoog, Master. Harald",0,4.0,3,2,347088,27.9,,,,False,0,0,1
2,1,"Bryhl, Miss. Dagmar Jenny Ingeborg ",1,20.0,1,0,236853,26.0,,12,"Skara, Sweden / Rockford, IL",False,0,0,1
1,1,"Duff Gordon, Sir. Cosmo Edmund (""Mr Morgan"")",0,49.0,1,0,PC 17485,56.9292,A20,1,London / Paris,False,1,0,0
3,0,"Olsen, Mr. Henry Margido",0,28.0,0,0,C 4001,22.525,,,,True,0,0,1
3,0,"Dintcheff, Mr. Valtcho",0,43.0,0,0,349226,7.8958,,,,False,0,0,1
2,0,"Gilbert, Mr. William",0,47.0,0,0,C.A. 30769,10.5,,,Cornwall,False,0,0,1
2,0,"Hunt, Mr. George Henry",0,33.0,0,0,SCO/W 1585,12.275,,,"Philadelphia, PA",False,0,0,1
2,1,"del Carlo, Mrs. Sebastiano (Argenia Genovesi)",1,24.0,1,0,SC/PARIS 2167,27.7208,,12,"Lucca, Italy / California",False,1,0,0
2,1,"Cook, Mrs. (Selena Rogers)",1,22.0,0,0,W./C. 14266,10.5,F33,14,Pennsylvania,False,0,0,1
3,0,"Davies, Mr. Alfred J",0,24.0,2,0,A/4 48871,24.15,,,"West Bromwich, England Pontiac, MI",False,0,0,1
1,0,"Silvey, Mr. William Baird",0,50.0,1,0,13507,55.9,E44,,"Duluth, MN",False,0,0,1
2,0,"del Carlo, Mr. Sebastiano",0,29.0,1,0,SC/PARIS 2167,27.7208,,,"Lucca, Italy / California",True,1,0,0
1,1,"Lesurer, Mr. Gustave J",0,35.0,0,0,PC 17755,512.3292,B101,3,,False,1,0,0
3,1,"Wilkes, Mrs. James (Ellen Needs)",1,47.0,1,0,363272,7.0,,,,False,0,0,1
3,0,"Stoytcheff, Mr. Ilia",0,19.0,0,0,349205,7.8958,,,,False,0,0,1
2,0,"Hood, Mr. Ambrose Jr",0,21.0,0,0,S.O.C. 14879,73.5,,,"New Forest, England",False,0,0,1
1,0,"Colley, Mr. Edward Pomeroy",0,47.0,0,0,5727,25.5875,E58,,"Victoria, BC",False,0,0,1
1,0,"Cavendish, Mr. Tyrell William",0,36.0,1,0,19877,78.85,C46,,"Little Onn Hall, Staffs",True,0,0,1
3,0,"Peltomaki, Mr. Nikolai Johannes",0,25.0,0,0,STON/O 2. 3101291,7.925,,,,False,0,0,1
2,1,"Jacobsohn, Mrs. Sidney Samuel (Amy Frances Christy)",1,24.0,2,1,243847,27.0,,12,London,False,0,0,1
3,0,"Bowen, Mr. David John ""Dai""",0,21.0,0,0,54636,16.1,,,"Treherbert, Cardiff, Wales",False,0,0,1
1,1,"Potter, Mrs. Thomas Jr (Lily Alexenia Wilson)",1,56.0,0,1,11767,83.1583,C50,7,"Mt Airy, Philadelphia, PA",False,1,0,0
3,0,"Hanna, Mr. Mansour",0,23.5,0,0,2693,7.2292,,,,True,1,0,0
3,0,"Klasen, Mr. Klas Albin",0,18.0,1,1,350404,7.8542,,,,False,0,0,1
3,0,"Ford, Mr. William Neal",0,16.0,1,3,W./C. 6608,34.375,,,"Rotherfield, Sussex, England Essex Co, MA",False,0,0,1
2,1,"Hart, Miss. Eva Miriam",1,7.0,0,2,F.C.C. 13529,26.25,,14,"Ilford, Essex / Winnipeg, MB",False,0,0,1
2,0,"Bryhl, Mr. Kurt Arnold Gottfrid",0,25.0,1,0,236853,26.0,,,"Skara, Sweden / Rockford, IL",False,0,0,1
1,1,"Newsom, Miss. Helen Monypeny",1,19.0,0,2,11752,26.2833,D47,5,"New York, NY",False,0,0,1
1,1,"Goldenberg, Mr. Samuel L",0,49.0,1,0,17453,89.1042,C92,5,"Paris, France / New York, NY",False,1,0,0
3,0,"Minkoff, Mr. Lazar",0,21.0,0,0,349211,7.8958,,,,False,0,0,1
3,0,"Palsson, Master. Paul Folke",0,6.0,3,1,349909,21.075,,,,False,0,0,1
3,0,"Ford, Mrs. Edward (Margaret Ann Watson)",1,48.0,1,3,W./C. 6608,34.375,,,"Rotherfield, Sussex, England Essex Co, MA",False,0,0,1
3,0,"Adams, Mr. John",0,26.0,0,0,341826,8.05,,,"Bournemouth, England",True,0,0,1
3,0,"Ekstrom, Mr. Johan",0,45.0,0,0,347061,6.975,,,"Effington Rut, SD",False,0,0,1
3,0,"Nilsson, Mr. August Ferdinand",0,21.0,0,0,350410,7.8542,,,,False,0,0,1
3,1,"Stanley, Miss. Amy Zillah Elsie",1,23.0,0,0,CA. 2314,7.55,,C,,False,0,0,1
2,0,"Renouf, Mr. Peter Henry",0,34.0,1,0,31027,21.0,,12,"Elizabeth, NJ",False,0,0,1
1,1,"Snyder, Mr. John Pillsbury",0,24.0,1,0,21228,82.2667,B45,7,"Minneapolis, MN",False,0,0,1
2,0,"Jefferys, Mr. Clifford Thomas",0,24.0,2,0,C.A. 31029,31.5,,,"Guernsey / Elizabeth, NJ",False,0,0,1
2,1,"Quick, Miss. Winifred Vera",1,8.0,1,1,26360,26.0,,11,"Plymouth, Devon / Detroit, MI",False,0,0,1
3,0,"Ford, Miss. Robina Maggie ""Ruby""",1,9.0,2,2,W./C. 6608,34.375,,,"Rotherfield, Sussex, England Essex Co, MA",False,0,0,1
2,0,"Gavey, Mr. Lawrence",0,26.0,0,0,31028,10.5,,,"Guernsey / Elizabeth, NJ",False,0,0,1
3,1,"Heikkinen, Miss. Laina",1,26.0,0,0,STON/O2. 3101282,7.925,,,,False,0,0,1
3,0,"Vander Planke, Mr. Leo Edmondus",0,16.0,2,0,345764,18.0,,,,False,0,0,1
3,0,"Baccos, Mr. Raffull",0,20.0,0,0,2679,7.225,,,,False,1,0,0
2,0,"Otter, Mr. Richard",0,39.0,0,0,28213,13.0,,,"Middleburg Heights, OH",False,0,0,1
1,0,"Jones, Mr. Charles Cresson",0,46.0,0,0,694,26.0,,,"Bennington, VT",True,0,0,1
3,1,"Bradley, Miss. Bridget Delia",1,22.0,0,0,334914,7.725,,13,"Kingwilliamstown, Co Cork, Ireland Glens Falls, NY",False,0,1,0
3,0,"Ahlin, Mrs. Johan (Johanna Persdotter Larsson)",1,40.0,1,0,7546,9.475,,,"Sweden Akeley, MN",False,0,0,1
3,0,"Waelens, Mr. Achille",0,22.0,0,0,345767,9.0,,,"Antwerp, Belgium / Stanton, OH",False,0,0,1
3,1,"Whabee, Mrs. George Joseph (Shawneene Abi-Saab)",1,38.0,0,0,2688,7.2292,,C,,False,1,0,0
1,1,"Chaudanson, Miss. Victorine",1,36.0,0,0,PC 17608,262.375,B61,4,,False,1,0,0
3,0,"Rice, Master. Eugene",0,2.0,4,1,382652,29.125,,,,False,0,1,0
2,1,"Hamalainen, Master. Viljo",0,0.6667,1,1,250649,14.5,,4,"Detroit, MI",False,0,0,1
1,0,"Julian, Mr. Henry Forbes",0,50.0,0,0,113044,26.0,E60,,London,False,0,0,1
3,0,"Dean, Mr. Bertram Frank",0,26.0,1,2,C.A. 2315,20.575,,,"Devon, England Wichita, KS",False,0,0,1
2,0,"Angle, Mr. William A",0,34.0,1,0,226875,26.0,,,"Warwick, England",False,0,0,1
3,0,"Carlsson, Mr. Carl Robert",0,24.0,0,0,350409,7.8542,,,"Goteborg, Sweden Huntley, IL",False,0,0,1
3,0,"Gilinski, Mr. Eliezer",0,22.0,0,0,14973,8.05,,,,True,0,0,1
3,0,"Pasic, Mr. Jakob",0,21.0,0,0,315097,8.6625,,,,False,0,0,1
3,0,"Asim, Mr. Adola",0,35.0,0,0,SOTON/O.Q. 3101310,7.05,,,,False,0,0,1
1,1,"Stahelin-Maeglin, Dr. Max",0,32.0,0,0,13214,30.5,B50,3,"Basel, Switzerland",False,1,0,0
3,0,"Elias, Mr. Joseph",0,39.0,0,2,2675,7.2292,,,"Syria Ottawa, ON",False,1,0,0
3,0,"Svensson, Mr. Johan",0,74.0,0,0,347060,7.775,,,,False,0,0,1
1,1,"Baxter, Mrs. James (Helene DeLaudeniere Chaput)",1,50.0,0,1,PC 17558,247.5208,B58 B60,6,"Montreal, PQ",False,1,0,0
2,0,"Nasser, Mr. Nicholas",0,32.5,1,0,237736,30.0708,,,"New York, NY",True,1,0,0
1,1,"Carter, Miss. Lucile Polk",1,14.0,1,2,113760,120.0,B96 B98,4,"Bryn Mawr, PA",False,0,0,1
3,0,"Hansen, Mr. Henrik Juul",0,26.0,1,0,350025,7.8542,,,,False,0,0,1
3,0,"Hassan, Mr. Houssein G N",0,11.0,0,0,2699,18.7875,,,,False,1,0,0
3,0,"Sirayanian, Mr. Orsen",0,22.0,0,0,2669,7.2292,,,,False,1,0,0
3,1,"Lundin, Miss. Olga Elida",1,23.0,0,0,347469,7.8542,,10,,False,0,0,1
1,1,"Williams, Mr. Richard Norris II",0,21.0,0,1,PC 17597,61.3792,,A,"Geneva, Switzerland / Radnor, PA",False,1,0,0
3,0,"Jonkoff, Mr. Lalio",0,23.0,0,0,349204,7.8958,,,,False,0,0,1
3,0,"Saether, Mr. Simon Sivertsen",0,38.5,0,0,SOTON/O.Q. 3101262,7.25,,,,True,0,0,1
2,0,"Hickman, Mr. Leonard Mark",0,24.0,2,0,S.O.C. 14879,73.5,,,"West Hampstead, London / Neepawa, MB",False,0,0,1
3,0,"Harmer, Mr. Abraham (David Lishin)",0,25.0,0,0,374887,7.25,,B,,False,0,0,1
3,0,"Danbom, Master. Gilbert Sigvard Emanuel",0,0.3333,0,2,347080,14.4,,,"Stanton, IA",False,0,0,1
3,0,"Vander Planke, Mrs. Julius (Emelia Maria Vandemoortele)",1,31.0,1,0,345763,18.0,,,,False,0,0,1
2,0,"Funk, Miss. Annie Clemmer",1,38.0,0,0,237671,13.0,,,"Janjgir, India / Pennsylvania",False,0,0,1
2,1,"Garside, Miss. Ethel",1,34.0,0,0,243880,13.0,,12,"Brooklyn, NY",False,0,0,1
1,1,"Behr, Mr. Karl Howell",0,26.0,0,0,111369,30.0,C148,5,"New York, NY",False,1,0,0
3,0,"Cacic, Mr. Jego Grga",0,18.0,0,0,315091,8.6625,,,,False,0,0,1
3,0,"Laitinen, Miss. Kristina Sofia",1,37.0,0,0,4135,9.5875,,,,False,0,0,1
3,0,"Buckley, Miss. Katherine",1,18.5,0,0,329944,7.2833,,,"Co Cork, Ireland Roxbury, MA",True,0,1,0
2,1,"Trout, Mrs. William H (Jessie L)",1,28.0,0,0,240929,12.65,,,"Columbus, OH",False,0,0,1
3,0,"Johansson, Mr. Karl Johan",0,31.0,0,0,347063,7.775,,,,False,0,0,1
2,1,"Collyer, Miss. Marjorie ""Lottie""",1,8.0,0,2,C.A. 31921,26.25,,14,"Bishopstoke, Hants / Fayette Valley, ID",False,0,0,1
2,0,"Hart, Mr. Benjamin",0,43.0,1,1,F.C.C. 13529,26.25,,,"Ilford, Essex / Winnipeg, MB",False,0,0,1
2,0,"Wheadon, Mr. Edward H",0,66.0,0,0,C.A. 24579,10.5,,,"Guernsey, England / Edgewood, RI",False,0,0,1
3,0,"Olsson, Mr. Nils Johan Goransson",0,28.0,0,0,347464,7.8542,,,,False,0,0,1
1,1,"Newell, Miss. Marjorie",1,23.0,1,0,35273,113.275,D36,6,"Lexington, MA",False,1,0,0
3,0,"Zakarian, Mr. Ortin",0,27.0,0,0,2670,7.225,,,,False,1,0,0
3,0,"Arnold-Franchi, Mrs. Josef (Josefine Franchi)",1,18.0,1,0,349237,17.8,,,"Altdorf, Switzerland",False,0,0,1
2,0,"Jenkin, Mr. Stephen Curnow",0,32.0,0,0,C.A. 33111,10.5,,,"St Ives, Cornwall / Houghton, MI",False,0,0,1
1,0,"Allison, Mrs. Hudson J C (Bessie Waldo Daniels)",1,25.0,1,2,113781,151.55,C22 C26,,"Montreal, PQ / Chesterville, ON",False,0,0,1
1,1,"Mayne, Mlle. Berthe Antonine (""Mrs de Villiers"")",1,24.0,0,0,PC 17482,49.5042,C90,6,"Belgium  Montreal, PQ",False,1,0,0
3,1,"Baclini, Miss. Eugenie",1,0.75,2,1,2666,19.2583,,C,"Syria New York, NY",False,1,0,0
1,1,"Burns, Miss. Elizabeth Margaret",1,41.0,0,0,16966,134.5,E40,3,,False,1,0,0
1,1,"Sloper, Mr. William Thompson",0,28.0,0,0,113788,35.5,A6,7,"New Britain, CT",False,0,0,1
3,0,"Braund, Mr. Lewis Richard",0,29.0,1,0,3460,7.0458,,,"Bridgerule, Devon",False,0,0,1
1,0,"Carrau, Mr. Francisco M",0,28.0,0,0,113059,47.1,,,"Montevideo, Uruguay",False,0,0,1
1,0,"Artagaveytia, Mr. Ramon",0,71.0,0,0,PC 17609,49.5042,,,"Montevideo, Uruguay",True,1,0,0
1,1,"Allison, Master. Hudson Trevor",0,0.9167,1,2,113781,151.55,C22 C26,11,"Montreal, PQ / Chesterville, ON",False,0,0,1
3,0,"Markoff, Mr. Marin",0,35.0,0,0,349213,7.8958,,,,False,1,0,0
1,1,"Lines, Mrs. Ernest H (Elizabeth Lindsey James)",1,51.0,0,1,PC 17592,39.4,D28,9,"Paris, France",False,0,0,1
3,1,"Svensson, Mr. Johan Cervin",0,14.0,0,0,7538,9.225,,13,,False,0,0,1
3,0,"Rosblom, Miss. Salli Helena",1,2.0,1,1,370129,20.2125,,,,False,0,0,1
1,0,"Roebling, Mr. Washington Augustus II",0,31.0,0,0,PC 17590,50.4958,A24,,"Trenton, NJ",False,0,0,1
3,0,"Pokrnic, Mr. Mate",0,17.0,0,0,315095,8.6625,,,,False,0,0,1
3,0,"Oreskovic, Miss. Marija",1,20.0,0,0,315096,8.6625,,,,False,0,0,1
3,1,"McGowan, Miss. Anna ""Annie""",1,15.0,0,0,330923,8.0292,,,,False,0,1,0
3,0,"Edvardsson, Mr. Gustaf Hjalmar",0,18.0,0,0,349912,7.775,,,"Tofta, Sweden Joliet, IL",False,0,0,1
3,0,"Goldsmith, Mr. Nathan",0,41.0,0,0,SOTON/O.Q. 3101263,7.85,,,"Philadelphia, PA",False,0,0,1
3,1,"Nicola-Yarred, Miss. Jamila",1,14.0,1,0,2651,11.2417,,C,,False,1,0,0
2,1,"Quick, Mrs. Frederick Charles (Jane Richards)",1,33.0,0,2,26360,26.0,,11,"Plymouth, Devon / Detroit, MI",False,0,0,1
3,0,"Dimic, Mr. Jovan",0,42.0,0,0,315088,8.6625,,,,False,0,0,1
3,0,"Vestrom, Miss. Hulda Amanda Adolfina",1,14.0,0,0,350406,7.8542,,,,False,0,0,1
3,0,"Ilmakangas, Miss. Pieta Sofia",1,25.0,1,0,STON/O2. 3101271,7.925,,,,False,0,0,1
3,0,"Kallio, Mr. Nikolai Erland",0,17.0,0,0,STON/O 2. 3101274,7.125,,,,False,0,0,1
3,1,"Nicola-Yarred, Master. Elias",0,12.0,1,0,2651,11.2417,,C,,False,1,0,0
2,0,"McCrie, Mr. James Matthew",0,30.0,0,0,233478,13.0,,,"Sarnia, ON",False,0,0,1
3,0,"Vander Planke, Mr. Julius",0,31.0,3,0,345763,18.0,,,,False,0,0,1
2,0,"Givard, Mr. Hans Kristensen",0,30.0,0,0,250646,13.0,,,,True,0,0,1
1,0,"Fortune, Mr. Charles Alexander",0,19.0,3,2,19950,263.0,C23 C25 C27,,"Winnipeg, MB",False,0,0,1
2,0,"Pulbaum, Mr. Franz",0,27.0,0,0,SC/PARIS 2168,15.0333,,,Paris,False,1,0,0
1,1,"Daniels, Miss. Sarah",1,33.0,0,0,113781,151.55,,8,,False,0,0,1
3,0,"Vander Planke, Miss. Augusta Maria",1,18.0,2,0,345764,18.0,,,,False,0,0,1
1,1,"Harper, Mrs. Henry Sleeper (Myna Haxtun)",1,49.0,1,0,PC 17572,76.7292,D33,3,"New York, NY",False,1,0,0
1,1,"Harder, Mr. George Achilles",0,25.0,1,0,11765,55.4417,E50,5,"Brooklyn, NY",False,1,0,0
2,1,"Collett, Mr. Sidney C Stuart",0,24.0,0,0,28034,10.5,,9,"London / Fort Byron, NY",False,0,0,1
1,1,"Dodge, Mrs. Washington (Ruth Vidaver)",1,54.0,1,1,33638,81.8583,A34,5,"San Francisco, CA",False,0,0,1
3,0,"Gustafsson, Mr. Alfred Ossian",0,20.0,0,0,7534,9.8458,,,"Waukegan, Chicago, IL",False,0,0,1
2,0,"Giles, Mr. Frederick Edward",0,21.0,1,0,28134,11.5,,,"Cornwall / Camden, NJ",False,0,0,1
2,1,"Kelly, Mrs. Florence ""Fannie""",1,45.0,0,0,223596,13.5,,9,"London / New York, NY",False,0,0,1
3,0,"Patchett, Mr. George",0,19.0,0,0,358585,14.5,,,,False,0,0,1
3,0,"Brocklebank, Mr. William Alfred",0,35.0,0,0,364512,8.05,,,"Broomfield, Chelmsford, England",False,0,0,1
1,1,"Smith, Mrs. Lucien Philip (Mary Eloise Hughes)",1,18.0,1,0,13695,60.0,C31,6,"Huntington, WV",False,0,0,1
3,0,"van Billiard, Mr. Austin Blyler",0,40.5,0,2,A/5. 851,14.5,,,,True,0,0,1
2,1,"Ball, Mrs. (Ada E Hall)",1,36.0,0,0,28551,13.0,D,10,"Bristol, Avon / Jacksonville, FL",False,0,0,1
3,0,"Dahlberg, Miss. Gerda Ulrika",1,22.0,0,0,7552,10.5167,,,"Norrlot, Sweden Chicago, IL",False,0,0,1
3,0,"Skoog, Mr. Wilhelm",0,40.0,1,4,347088,27.9,,,,False,0,0,1
1,1,"Chaffee, Mrs. Herbert Fuller (Carrie Constance Toogood)",1,47.0,1,0,W.E.P. 5734,61.175,E31,4,"Amenia, ND",False,0,0,1
3,0,"Christmann, Mr. Emil",0,29.0,0,0,343276,8.05,,,,False,0,0,1
3,0,"Dantcheff, Mr. Ristiu",0,25.0,0,0,349203,7.8958,,,"Bulgaria Chicago, IL",False,0,0,1
1,1,"Bidois, Miss. Rosalie",1,42.0,0,0,PC 17757,227.525,,4,,False,1,0,0
3,1,"Drapkin, Miss. Jennie",1,23.0,0,0,SOTON/OQ 392083,8.05,,,"London New York, NY",False,0,0,1
3,1,"Daly, Miss. Margaret Marcella ""Maggie""",1,30.0,0,0,382650,6.95,,15,"Co Athlone, Ireland New York, NY",False,0,1,0
2,1,"West, Miss. Constance Mirium",1,5.0,1,2,C.A. 34651,27.75,,10,"Bournmouth, England",False,0,0,1
2,0,"Bracken, Mr. James H",0,27.0,0,0,220367,13.0,,,"Lake Arthur, Chavez County, NM",False,0,0,1
1,1,"Chambers, Mr. Norman Campbell",0,27.0,1,0,113806,53.1,E8,5,"New York, NY / Ithaca, NY",False,0,0,1
3,0,"Davies, Mr. John Samuel",0,21.0,2,0,A/4 48871,24.15,,,"West Bromwich, England Pontiac, MI",False,0,0,1
3,0,"Ali, Mr. William",0,25.0,0,0,SOTON/O.Q. 3101312,7.05,,,Argentina,True,0,0,1
2,1,"Mellors, Mr. William John",0,19.0,0,0,SW/PP 751,10.5,,B,"Chelsea, London",False,0,0,1
3,0,"Johansson, Mr. Erik",0,22.0,0,0,350052,7.7958,,,,True,0,0,1
1,1,"Minahan, Mrs. William Edward (Lillian E Thorpe)",1,37.0,1,0,19928,90.0,C78,14,"Fond du Lac, WI",False,0,1,0
1,0,"Porter, Mr. Walter Chamberlain",0,47.0,0,0,110465,52.0,C110,,"Worcester, MA",True,0,0,1
3,0,"Cor, Mr. Ivan",0,27.0,0,0,349229,7.8958,,,Austria,False,0,0,1
3,0,"Rekic, Mr. Tido",0,38.0,0,0,349249,7.8958,,,,False,0,0,1
3,1,"Connolly, Miss. Kate",1,22.0,0,0,370373,7.75,,13,Ireland,False,0,1,0
2,0,"Collander, Mr. Erik Gustaf",0,28.0,0,0,248740,13.0,,,"Helsinki, Finland Ashtabula, Ohio",False,0,0,1
1,1,"Carter, Master. William Thornton II",0,11.0,1,2,113760,120.0,B96 B98,4,"Bryn Mawr, PA",False,0,0,1
2,0,"Gaskell, Mr. Alfred",0,16.0,0,0,239865,26.0,,,"Liverpool / Montreal, PQ",False,0,0,1
1,1,"Fortune, Miss. Mabel Helen",1,23.0,3,2,19950,263.0,C23 C25 C27,10,"Winnipeg, MB",False,0,0,1
3,0,"Cor, Mr. Bartol",0,35.0,0,0,349230,7.8958,,,Austria,False,0,0,1
2,0,"Carter, Rev. Ernest Courtenay",0,54.0,1,0,244252,26.0,,,London,False,0,0,1
3,0,"Barry, Miss. Julia",1,27.0,0,0,330844,7.8792,,,"New York, NY",False,0,1,0
2,1,"West, Mrs. Edwy Arthur (Ada Mary Worth)",1,33.0,1,2,C.A. 34651,27.75,,10,"Bournmouth, England",False,0,0,1
1,1,"Geiger, Miss. Amalie",1,35.0,0,0,113503,211.5,C130,4,,False,1,0,0
3,0,"Holthen, Mr. Johan Martin",0,28.0,0,0,C 4001,22.525,,,,False,0,0,1
1,1,"Holverson, Mrs. Alexander Oskar (Mary Aline Towner)",1,35.0,1,0,113789,52.0,,8,"New York, NY",False,0,0,1
3,0,"Hagardon, Miss. Kate",1,17.0,0,0,AQ/3. 30631,7.7333,,,,False,0,1,0
1,0,"Rosenshine, Mr. George (""Mr George Thorne"")",0,46.0,0,0,PC 17585,79.2,,,"New York, NY",True,1,0,0
3,1,"Goldsmith, Master. Frank John William ""Frankie""",0,9.0,0,2,363291,20.525,,C D,"Strood, Kent, England Detroit, MI",False,0,0,1
1,1,"Brown, Mrs. James Joseph (Margaret Tobin)",1,44.0,0,0,PC 17610,27.7208,B4,6,"Denver, CO",False,1,0,0
1,1,"Ryerson, Mrs. Arthur Larned (Emily Maria Borie)",1,48.0,1,3,PC 17608,262.375,B57 B59 B63 B66,4,"Haverford, PA / Cooperstown, NY",False,1,0,0
3,0,"Colbert, Mr. Patrick",0,24.0,0,0,371109,7.25,,,"Co Limerick, Ireland Sherbrooke, PQ",False,0,1,0
2,0,"Sjostedt, Mr. Ernst Adolf",0,59.0,0,0,237442,13.5,,,"Sault St Marie, ON",False,0,0,1
2,0,"Ware, Mr. William Jeffery",0,23.0,1,0,28666,10.5,,,,False,0,0,1
3,0,"Cann, Mr. Ernest Charles",0,21.0,0,0,A./5. 2152,8.05,,,,False,0,0,1
3,1,"Goldsmith, Mrs. Frank John (Emily Alice Brown)",1,31.0,1,1,363291,20.525,,C D,"Strood, Kent, England Detroit, MI",False,0,0,1
2,0,"Richard, Mr. Emile",0,23.0,0,0,SC/PARIS 2133,15.0458,,,"Paris / Montreal, PQ",False,1,0,0
1,0,"Beattie, Mr. Thomson",0,36.0,0,0,13050,75.2417,C6,A,"Winnipeg, MN",False,1,0,0
3,0,"Green, Mr. George Henry",0,51.0,0,0,21440,8.05,,,"Dorking, Surrey, England",False,0,0,1
3,0,"Saundercock, Mr. William Henry",0,20.0,0,0,A/5. 2151,8.05,,,,False,0,0,1
3,1,"Kink-Heilmann, Miss. Luise Gretchen",1,4.0,0,2,315153,22.025,,2,,False,0,0,1
3,1,"Aks, Master. Philip Frank",0,0.8333,0,1,392091,9.35,,11,"London, England Norfolk, VA",False,0,0,1
3,0,"Andersson, Miss. Ida Augusta Margareta",1,38.0,4,2,347091,7.775,,,"Vadsbro, Sweden Ministee, MI",False,0,0,1
3,0,"Theobald, Mr. Thomas Leonard",0,34.0,0,0,363294,8.05,,,,True,0,0,1
2,1,"Ware, Mrs. John James (Florence Louise Long)",1,31.0,0,0,CA 31352,21.0,,10,"Bristol, England / New Britain, CT",False,0,0,1
3,1,"Kink-Heilmann, Mr. Anton",0,29.0,3,1,315153,22.025,,2,,False,0,0,1
2,1,"Davies, Mrs. John Morgan (Elizabeth Agnes Mary White) ",1,48.0,0,2,C.A. 33112,36.75,,14,"St Ives, Cornwall / Hancock, MI",False,0,0,1
3,1,"Thomas, Master. Assad Alexander",0,0.4167,0,1,2625,8.5167,,16,,False,1,0,0
2,0,"Milling, Mr. Jacob Christian",0,48.0,0,0,234360,13.0,,,"Copenhagen, Denmark",True,0,0,1
2,1,"Beane, Mrs. Edward (Ethel Clarke)",1,19.0,1,0,2908,26.0,,13,"Norwich / New York, NY",False,0,0,1
2,1,"Wells, Miss. Joan",1,4.0,1,1,29103,23.0,,14,"Cornwall / Akron, OH",False,0,0,1
1,0,"Birnbaum, Mr. Jakob",0,25.0,0,0,13905,26.0,,,"San Francisco, CA",True,1,0,0
3,0,"Rintamaki, Mr. Matti",0,35.0,0,0,STON/O 2. 3101273,7.125,,,,False,0,0,1
3,1,"Madsen, Mr. Fridtjof Arne",0,24.0,0,0,C 17369,7.1417,,13,,False,0,0,1
3,0,"Svensson, Mr. Olof",0,24.0,0,0,350035,7.7958,,,,False,0,0,1
3,1,"Jalsevac, Mr. Ivan",0,29.0,0,0,349240,7.8958,,15,,False,1,0,0
3,0,"Dennis, Mr. Samuel",0,22.0,0,0,A/5 21172,7.25,,,,False,0,0,1
1,1,"Warren, Mrs. Frank Manley (Anna Sophia Atkinson)",1,60.0,1,0,110813,75.25,D37,5,"Portland, OR",False,1,0,0
3,0,"Goodwin, Miss. Jessie Allis",1,10.0,5,2,CA 2144,46.9,,,"Wiltshire, England Niagara Falls, NY",False,0,0,1
2,0,"Clarke, Mr. Charles Valentine",0,29.0,1,0,2003,26.0,,,"England / San Francisco, CA",False,0,0,1
1,1,"Compton, Mrs. Alexander Taylor (Mary Eliza Ingersoll)",1,64.0,0,2,PC 17756,83.1583,E45,14,"Lakewood, NJ",False,1,0,0
1,1,"Hays, Mrs. Charles Melville (Clara Jennings Gregg)",1,52.0,1,1,12749,93.5,B69,3,"Montreal, PQ",False,0,0,1
3,0,"Turcin, Mr. Stjepan",0,36.0,0,0,349247,7.8958,,,,False,0,0,1
3,0,"Kelly, Mr. James",0,44.0,0,0,363592,8.05,,,,False,0,0,1
1,1,"Calderhead, Mr. Edward Pennington",0,42.0,0,0,PC 17476,26.2875,E24,5,"New York, NY",False,0,0,1
2,0,"Eitemiller, Mr. George Floyd",0,23.0,0,0,29751,13.0,,,"England / Detroit, MI",False,0,0,1
2,1,"Pinsky, Mrs. (Rosa)",1,32.0,0,0,234604,13.0,,9,Russia,False,0,0,1
1,1,"Kimball, Mrs. Edwin Nelson Jr (Gertrude Parsons)",1,45.0,1,0,11753,52.5542,D19,5,"Boston, MA",False,0,0,1
2,0,"Kirkland, Rev. Charles Leonard",0,57.0,0,0,219533,12.35,,,"Glasgow / Bangor, ME",False,0,1,0
3,0,"Heininen, Miss. Wendla Maria",1,23.0,0,0,STON/O2. 3101290,7.925,,,,False,0,0,1
1,1,"Blank, Mr. Henry",0,40.0,0,0,112277,31.0,A31,7,"Glen Ridge, NJ",False,1,0,0
3,0,"Goodwin, Master. Sidney Leonard",0,1.0,5,2,CA 2144,46.9,,,"Wiltshire, England Niagara Falls, NY",False,0,0,1
3,0,"Wirz, Mr. Albert",0,27.0,0,0,315154,8.6625,,,,True,0,0,1
2,0,"Enander, Mr. Ingvar",0,21.0,0,0,236854,13.0,,,"Goteborg, Sweden / Rockford, IL",False,0,0,1
1,1,"Oliva y Ocana, Dona. Fermina",1,39.0,0,0,PC 17758,108.9,C105,8,,False,1,0,0
2,1,"Harris, Mr. George",0,62.0,0,0,S.W./PP 752,10.5,,15,London,False,0,0,1
1,0,"Andrews, Mr. Thomas Jr",0,39.0,0,0,112050,0.0,A36,,"Belfast, NI",False,0,0,1
1,1,"Graham, Miss. Margaret Edith",1,19.0,0,0,112053,30.0,B42,3,"Greenwich, CT",False,0,0,1
3,0,"Andreasson, Mr. Paul Edvin",0,20.0,0,0,347466,7.8542,,,"Sweden Chicago, IL",False,0,0,1
3,0,"Panula, Master. Juha Niilo",0,7.0,4,1,3101295,39.6875,,,,False,0,0,1
3,1,"Dean, Mrs. Bertram (Eva Georgetta Light)",1,33.0,1,2,C.A. 2315,20.575,,10,"Devon, England Wichita, KS",False,0,0,1
3,0,"Mineff, Mr. Ivan",0,24.0,0,0,349233,7.8958,,,,False,0,0,1
2,0,"Peruschitz, Rev. Joseph Maria",0,41.0,0,0,237393,13.0,,,,False,0,0,1
1,1,"Homer, Mr. Harry (""Mr E Haven"")",0,35.0,0,0,111426,26.55,,15,"Indianapolis, IN",False,1,0,0
2,1,"Bystrom, Mrs. (Karolina)",1,42.0,0,0,236852,13.0,,,"New York, NY",False,0,0,1
3,0,"Tikkanen, Mr. Juho",0,32.0,0,0,STON/O 2. 3101293,7.925,,,,False,0,0,1
1,1,"Beckwith, Mr. Richard Leonard",0,37.0,1,1,11751,52.5542,D35,5,"New York, NY",False,0,0,1
3,1,"Vartanian, Mr. David",0,22.0,0,0,2658,7.225,,13 15,,False,1,0,0
3,0,"Dooley, Mr. Patrick",0,32.0,0,0,370376,7.75,,,"Ireland New York, NY",False,0,1,0
2,0,"Chapman, Mrs. John Henry (Sara Elizabeth Lawry)",1,29.0,1,0,SC/AH 29037,26.0,,,"Cornwall / Spokane, WA",False,0,0,1
3,0,"Connolly, Miss. Kate",1,30.0,0,0,330972,7.6292,,,Ireland,False,0,1,0
3,0,"Saad, Mr. Khalil",0,25.0,0,0,2672,7.225,,,,False,1,0,0
1,1,"Rosenbaum, Miss. Edith Louise",1,33.0,0,0,PC 17613,27.7208,A11,11,"Paris, France",False,1,0,0
3,0,"Canavan, Mr. Patrick",0,21.0,0,0,364858,7.75,,,"Ireland Philadelphia, PA",False,0,1,0
2,1,"Christy, Miss. Julie Rachel",1,25.0,1,1,237789,30.0,,12,London,False,0,0,1
3,0,"Palsson, Miss. Stina Viola",1,3.0,3,1,349909,21.075,,,,False,0,0,1
1,0,"Douglas, Mr. Walter Donald",0,50.0,1,0,PC 17761,106.425,C86,,"Deephaven, MN / Cedar Rapids, IA",True,1,0,0
3,0,"Strilic, Mr. Ivan",0,27.0,0,0,315083,8.6625,,,,False,0,0,1
2,1,"Davis, Miss. Mary",1,28.0,0,0,237668,13.0,,13,"London / Staten Island, NY",False,0,0,1
3,0,"Boulos, Master. Akar",0,6.0,1,1,2678,15.2458,,,"Syria Kent, ON",False,1,0,0
2,1,"Herman, Miss. Kate",1,24.0,1,2,220845,65.0,,9,"Somerset / Bernardsville, NJ",False,0,0,1
1,1,"Appleton, Mrs. Edward Dale (Charlotte Lamson)",1,53.0,2,0,11769,51.4792,C101,D,"Bayside, Queens, NY",False,0,0,1
3,0,"Perkin, Mr. John Henry",0,22.0,0,0,A/5 21174,7.25,,,,False,0,0,1
1,1,"Hogeboom, Mrs. John C (Anna Andrews)",1,51.0,1,0,13502,77.9583,D11,10,"Hudson, NY",False,0,0,1
1,0,"Baxter, Mr. Quigg Edmond",0,24.0,0,1,PC 17558,247.5208,B58 B60,,"Montreal, PQ",False,1,0,0
2,0,"Yrois, Miss. Henriette (""Mrs Harbeck"")",1,24.0,0,0,248747,13.0,,,Paris,False,0,0,1
2,0,"Butler, Mr. Reginald Fenton",0,25.0,0,0,234686,13.0,,,"Southsea, Hants",True,0,0,1
3,1,"Sandstrom, Mrs. Hjalmar (Agnes Charlotta Bengtsson)",1,24.0,0,2,PP 9549,16.7,G6,13,,False,0,0,1
2,0,"Howard, Mrs. Benjamin (Ellen Truelove Arman)",1,60.0,1,0,24065,26.0,,,"Swindon, England",False,0,0,1
3,0,"Oreskovic, Mr. Luka",0,20.0,0,0,315094,8.6625,,,,False,0,0,1
3,0,"Brobeck, Mr. Karl Rudolf",0,22.0,0,0,350045,7.7958,,,"Sweden Worcester, MA",False,0,0,1
3,0,"Larsson, Mr. Bengt Edvin",0,29.0,0,0,347067,7.775,,,,False,0,0,1
2,0,"Hocking, Mr. Samuel James Metcalfe",0,36.0,0,0,242963,13.0,,,"Devonport, England",False,0,0,1
3,0,"Rosblom, Mr. Viktor Richard",0,18.0,1,1,370129,20.2125,,,,False,0,0,1
3,0,"Naidenoff, Mr. Penko",0,22.0,0,0,349206,7.8958,,,,False,0,0,1
3,0,"Kalvik, Mr. Johannes Halvorsen",0,21.0,0,0,8475,8.4333,,,,False,0,0,1
3,0,"Panula, Mr. Jaako Arnold",0,14.0,4,1,3101295,39.6875,,,,False,0,0,1
3,0,"Asplund, Mr. Carl Oscar Vilhelm Gustafsson",0,40.0,1,5,347077,31.3875,,,"Sweden  Worcester, MA",True,0,0,1
2,0,"Botsford, Mr. William Hull",0,26.0,0,0,237670,13.0,,,"Elmira, NY / Orange, NJ",False,0,0,1
3,1,"Persson, Mr. Ernst Ulrik",0,25.0,1,0,347083,7.775,,15,,False,0,0,1
3,1,"Asplund, Master. Edvin Rojj Felix",0,3.0,4,2,347077,31.3875,,15,"Sweden Worcester, MA",False,0,0,1
2,1,"Caldwell, Mr. Albert Francis",0,26.0,1,1,248738,29.0,,13,"Bangkok, Thailand / Roseville, IL",False,0,0,1
1,1,"Bishop, Mrs. Dickinson H (Helen Walton)",1,19.0,1,0,11967,91.0792,B49,7,"Dowagiac, MI",False,1,0,0
2,0,"Matthews, Mr. William John",0,30.0,0,0,28228,13.0,,,"St Austall, Cornwall",False,0,0,1
3,0,"Birkeland, Mr. Hans Martin Monsen",0,21.0,0,0,312992,7.775,,,"Brennes, Norway New York",False,0,0,1
2,1,"Walcroft, Miss. Nellie",1,31.0,0,0,F.C.C. 13528,21.0,,14,"Mamaroneck, NY",False,0,0,1
2,0,"Sweet, Mr. George Frederick",0,14.0,0,0,220845,65.0,,,"Somerset / Bernardsville, NJ",False,0,0,1
2,0,"Drew, Mr. James Vivian",0,42.0,1,1,28220,32.5,,,"Greenport, NY",False,0,0,1
3,1,"Nilsson, Miss. Berta Olivia",1,18.0,0,0,347066,7.775,,D,,False,0,0,1
1,1,"Longley, Miss. Gretchen Fiske",1,21.0,0,0,13502,77.9583,D9,10,"Hudson, NY",False,0,0,1
2,0,"Montvila, Rev. Juozas",0,27.0,0,0,211536,13.0,,,"Worcester, MA",False,0,0,1
2,0,"Norman, Mr. Robert Douglas",0,28.0,0,0,218629,13.5,,,Glasgow,True,0,0,1
2,0,"Davies, Mr. Charles Henry",0,18.0,0,0,S.O.C. 14879,73.5,,,"Lyndhurst, England",False,0,0,1
3,0,"Delalic, Mr. Redjo",0,25.0,0,0,349250,7.8958,,,,False,0,0,1
1,0,"Rowe, Mr. Alfred G",0,33.0,0,0,113790,26.55,,,London,True,0,0,1
1,1,"Stengel, Mr. Charles Emil Henry",0,54.0,1,0,11778,55.4417,C116,1,"Newark, NJ",False,1,0,0
3,1,"Badman, Miss. Emily Louisa",1,18.0,0,0,A/4 31416,8.05,,C,"London Skanteales, NY",False,0,0,1
3,0,"Conlon, Mr. Thomas Henry",0,31.0,0,0,21332,7.7333,,,"Philadelphia, PA",False,0,1,0
2,1,"Laroche, Miss. Simonne Marie Anne Andree",1,3.0,1,2,SC/Paris 2123,41.5792,,14,Paris / Haiti,False,1,0,0
3,0,"Sage, Master. William Henry",0,14.5,8,2,CA. 2343,69.55,,,,True,0,0,1
3,0,"Barton, Mr. David John",0,22.0,0,0,324669,8.05,,,"England New York, NY",False,0,0,1
3,1,"Hedman, Mr. Oskar Arvid",0,27.0,0,0,347089,6.975,,15,,False,0,0,1
1,1,"Dodge, Master. Washington",0,4.0,0,2,33638,81.8583,A34,5,"San Francisco, CA",False,0,0,1
3,0,"Meo, Mr. Alfonzo",0,55.5,0,0,A.5. 11206,8.05,,,,True,0,0,1
1,1,"Duff Gordon, Lady. (Lucille Christiana Sutherland) (""Mrs Morgan"")",1,48.0,1,0,11755,39.6,A16,1,London / Paris,False,1,0,0
1,0,"Wright, Mr. George",0,62.0,0,0,113807,26.55,,,"Halifax, NS",False,0,0,1
3,0,"Somerton, Mr. Francis William",0,30.0,0,0,A.5. 18509,8.05,,,,False,0,0,1
2,0,"Bowenur, Mr. Solomon",0,42.0,0,0,211535,13.0,,,London,False,0,0,1
3,1,"Nysten, Miss. Anna Sofia",1,22.0,0,0,347081,7.75,,13,,False,0,0,1
2,0,"Ashby, Mr. John",0,57.0,0,0,244346,13.0,,,"West Hoboken, NJ",False,0,0,1
2,0,"Nesson, Mr. Israel",0,26.0,0,0,244368,13.0,F2,,"Boston, MA",False,0,0,1
1,1,"Crosby, Mrs. Edward Gifford (Catherine Elizabeth Halstead)",1,64.0,1,1,112901,26.55,B26,7,"Milwaukee, WI",False,0,0,1
3,1,"Asplund, Mrs. Carl Oscar (Selma Augusta Emilia Johansson)",1,38.0,1,5,347077,31.3875,,15,"Sweden  Worcester, MA",False,0,0,1
2,1,"Becker, Miss. Marion Louise",1,4.0,2,1,230136,39.0,F4,11,"Guntur, India / Benton Harbour, MI",False,0,0,1
3,0,"Dakic, Mr. Branko",0,19.0,0,0,349228,10.1708,,,Austria,False,0,0,1
3,1,"Dean, Miss. Elizabeth Gladys ""Millvina""",1,0.1667,1,2,C.A. 2315,20.575,,10,"Devon, England Wichita, KS",False,0,0,1
3,1,"Abelseth, Miss. Karen Marie",1,16.0,0,0,348125,7.65,,16,"Norway Los Angeles, CA",False,0,0,1
3,0,"Boulos, Miss. Nourelain",1,9.0,1,1,2678,15.2458,,,"Syria Kent, ON",False,1,0,0
3,0,"Ibrahim Shawah, Mr. Yousseff",0,30.0,0,0,2685,7.2292,,,,False,1,0,0
2,0,"Hale, Mr. Reginald",0,30.0,0,0,250653,13.0,,,"Auburn, NY",True,0,0,1
2,1,"Nourney, Mr. Alfred (""Baron von Drachstedt"")",0,20.0,0,0,SC/PARIS 2166,13.8625,D38,7,"Cologne, Germany",False,1,0,0
3,0,"Nirva, Mr. Iisakki Antino Aijo",0,41.0,0,0,SOTON/O2 3101272,7.125,,,"Finland Sudbury, ON",False,0,0,1
2,0,"Chapman, Mr. Charles Henry",0,52.0,0,0,248731,13.5,,,"Bronx, NY",True,0,0,1
1,1,"Hoyt, Mr. Frederick Maxfield",0,38.0,1,0,19943,90.0,C93,D,"New York, NY /  Stamford CT",False,0,0,1
3,0,"Andersson, Miss. Ellis Anna Maria",1,2.0,4,2,347082,31.275,,,"Sweden Winnipeg, MN",False,0,0,1
3,0,"Adahl, Mr. Mauritz Nils Martin",0,30.0,0,0,C 7076,7.25,,,"Asarum, Sweden Brooklyn, NY",True,0,0,1
3,0,"Eklund, Mr. Hans Linus",0,16.0,0,0,347074,7.775,,,"Karberg, Sweden Jerome Junction, AZ",False,0,0,1
3,1,"Honkanen, Miss. Eliina",1,27.0,0,0,STON/O2. 3101283,7.925,,,,False,0,0,1
3,0,"Rice, Mrs. William (Margaret Norton)",1,39.0,0,5,382652,29.125,,,,True,0,1,0
3,0,"Coleff, Mr. Peju",0,36.0,0,0,349210,7.4958,,,"Bulgaria Chicago, IL",False,0,0,1
3,0,"Andersson, Mr. Johan Samuel",0,26.0,0,0,347075,7.775,,,"Hartford, CT",False,0,0,1
3,0,"Hansen, Mr. Claus Peter",0,41.0,2,0,350026,14.1083,,,,False,0,0,1
3,0,"Skoog, Mrs. William (Anna Bernhardina Karlsson)",1,45.0,1,4,347088,27.9,,,,False,0,0,1
2,0,"Deacon, Mr. Percy William",0,17.0,0,0,S.O.C. 14879,73.5,,,,False,0,0,1
1,1,"Earnshaw, Mrs. Boulton (Olive Potter)",1,23.0,0,1,11767,83.1583,C54,7,"Mt Airy, Philadelphia, PA",False,1,0,0
1,1,"Mock, Mr. Philipp Edmund",0,30.0,1,0,13236,57.75,C78,11,"New York, NY",False,1,0,0
3,1,"Dahl, Mr. Karl Edwart",0,45.0,0,0,7598,8.05,,15,"Australia Fingal, ND",False,0,0,1
2,1,"Ridsdale, Miss. Lucy",1,50.0,0,0,W./C. 14258,10.5,,13,"London, England / Marietta, Ohio and Milwaukee, WI",False,0,0,1
3,1,"Tornquist, Mr. William Henry",0,25.0,0,0,LINE,0.0,,15,,False,0,0,1
1,0,"Butt, Major. Archibald Willingham",0,45.0,0,0,113050,26.55,B38,,"Washington, DC",False,0,0,1
3,0,"Ali, Mr. Ahmed",0,24.0,0,0,SOTON/O.Q. 3101311,7.05,,,,False,0,0,1
1,1,"Peuchen, Major. Arthur Godfrey",0,52.0,0,0,113786,30.5,C104,6,"Toronto, ON",False,0,0,1
2,1,"Nye, Mrs. (Elizabeth Ramell)",1,29.0,0,0,C.A. 29395,10.5,F33,11,"Folkstone, Kent / New York, NY",False,0,0,1
3,0,"Andersson, Mr. Anders Johan",0,39.0,1,5,347082,31.275,,,"Sweden Winnipeg, MN",False,0,0,1
1,0,"Meyer, Mr. Edgar Joseph",0,28.0,1,0,PC 17604,82.1708,,,"New York, NY",False,1,0,0
3,1,"Sandstrom, Miss. Marguerite Rut",1,4.0,1,1,PP 9549,16.7,G6,13,,False,0,0,1
1,1,"Allen, Miss. Elisabeth Walton",1,29.0,0,0,24160,211.3375,B5,2,"St Louis, MO",False,0,0,1
3,1,"Sjoblom, Miss. Anna Sofia",1,18.0,0,0,3101265,7.4958,,16,,False,0,0,1
2,0,"Stokes, Mr. Philip Joseph",0,25.0,0,0,F.C.C. 13540,10.5,,,"Catford, Kent / Detroit, MI",True,0,0,1
1,0,"White, Mr. Richard Frasar",0,21.0,0,1,35281,77.2875,D26,,"Brunswick, ME",True,0,0,1
3,1,"Karlsson, Mr. Einar Gervasius",0,21.0,0,0,350053,7.7958,,13,,False,0,0,1
1,0,"Compton, Mr. Alexander Taylor Jr",0,37.0,1,1,PC 17756,83.1583,E52,,"Lakewood, NJ",False,1,0,0
3,0,"Charters, Mr. David",0,21.0,0,0,A/5. 13032,7.7333,,,"Ireland New York, NY",False,0,1,0
2,0,"Schmidt, Mr. August",0,26.0,0,0,248659,13.0,,,"Newark, NJ",False,0,0,1
1,1,"Perreault, Miss. Anne",1,30.0,0,0,12749,93.5,B73,3,,False,0,0,1
3,0,"Klasen, Mrs. (Hulda Kristina Eugenia Lofqvist)",1,36.0,0,2,350405,12.1833,,,,False,0,0,1
3,0,"Williams, Mr. Leslie",0,28.5,0,0,54636,16.1,,,,True,0,0,1
2,0,"Turpin, Mrs. William John Robert (Dorothy Ann Wonnacott)",1,27.0,1,0,11668,21.0,,,"Plymouth, England",False,0,0,1
2,1,"Kantor, Mrs. Sinai (Miriam Sternin)",1,24.0,1,0,244367,26.0,,12,"Moscow / Bronx, NY",False,0,0,1
3,1,"Coutts, Master. Eden Leslie ""Neville""",0,9.0,1,1,C.A. 37671,15.9,,2,"England Brooklyn, NY",False,0,0,1
3,1,"Johnson, Master. Harold Theodor",0,4.0,1,1,347742,11.1333,,15,,False,0,0,1
1,0,"Warren, Mr. Frank Manley",0,64.0,1,0,110813,75.25,D37,,"Portland, OR",False,1,0,0
3,0,"Alhomaki, Mr. Ilmari Rudolf",0,20.0,0,0,SOTON/O2 3101287,7.925,,,"Salo, Finland Astoria, OR",False,0,0,1
3,1,"Sunderland, Mr. Victor Francis",0,16.0,0,0,SOTON/OQ 392089,8.05,,B,,False,0,0,1
3,1,"Stranden, Mr. Juho",0,31.0,0,0,STON/O 2. 3101288,7.925,,9,,False,0,0,1
3,0,"Humblen, Mr. Adolf Mathias Nicolai Olsen",0,42.0,0,0,348121,7.65,F G63,,,True,0,0,1
1,1,"Beckwith, Mrs. Richard Leonard (Sallie Monypeny)",1,47.0,1,1,11751,52.5542,D35,5,"New York, NY",False,0,0,1
1,0,"Ringhini, Mr. Sante",0,22.0,0,0,PC 17760,135.6333,,,,True,1,0,0
1,1,"Maioni, Miss. Roberta",1,16.0,0,0,110152,86.5,B79,8,,False,0,0,1
3,1,"Johansson Palmquist, Mr. Oskar Leander",0,26.0,0,0,347070,7.775,,15,,False,0,0,1
2,1,"Mellinger, Miss. Madeleine Violet",1,13.0,0,1,250644,19.5,,14,"England / Bennington, VT",False,0,0,1
3,1,"Jansson, Mr. Carl Olof",0,21.0,0,0,350034,7.7958,,A,,False,0,0,1
2,0,"Kantor, Mr. Sinai",0,34.0,1,0,244367,26.0,,,"Moscow / Bronx, NY",True,0,0,1
3,0,"Vanden Steen, Mr. Leo Peter",0,28.0,0,0,345783,9.5,,,,False,0,0,1
2,1,"Richards, Mrs. Sidney (Emily Hocking)",1,24.0,2,3,29106,18.75,,4,"Cornwall / Akron, OH",False,0,0,1
2,0,"Karnes, Mrs. J Frank (Claire Bennett)",1,22.0,0,0,F.C.C. 13534,21.0,,,"India / Pittsburgh, PA",False,0,0,1
3,0,"Celotti, Mr. Francesco",0,24.0,0,0,343275,8.05,,,London,False,0,0,1
2,1,"Collyer, Mrs. Harvey (Charlotte Annie Tate)",1,31.0,1,1,C.A. 31921,26.25,,14,"Bishopstoke, Hants / Fayette Valley, ID",False,0,0,1
1,1,"Ostby, Miss. Helene Ragnhild",1,22.0,0,1,113509,61.9792,B36,5,"Providence, RI",False,1,0,0
3,0,"Ford, Miss. Doolina Margaret ""Daisy""",1,21.0,2,2,W./C. 6608,34.375,,,"Rotherfield, Sussex, England Essex Co, MA",False,0,0,1
3,0,"Wittevrongel, Mr. Camille",0,36.0,0,0,345771,9.5,,,,False,0,0,1
3,0,"Andersson, Miss. Sigrid Elisabeth",1,11.0,4,2,347082,31.275,,,"Sweden Winnipeg, MN",False,0,0,1
1,0,"Williams, Mr. Charles Duane",0,51.0,0,1,PC 17597,61.3792,,,"Geneva, Switzerland / Radnor, PA",False,1,0,0
1,1,"Cherry, Miss. Gladys",1,30.0,0,0,110152,86.5,B77,8,"London, England",False,0,0,1
3,0,"Jensen, Mr. Svend Lauritz",0,17.0,1,0,350048,7.0542,,,,False,0,0,1
3,0,"Morley, Mr. William",0,34.0,0,0,364506,8.05,,,,False,0,0,1
3,0,"Soholt, Mr. Peter Andreas Lauritz Andersen",0,19.0,0,0,348124,7.65,F G73,,,False,0,0,1
3,0,"Beavan, Mr. William Thomas",0,19.0,0,0,323951,8.05,,,England,False,0,0,1
3,1,"Albimona, Mr. Nassef Cassem",0,26.0,0,0,2699,18.7875,,15,"Syria Fredericksburg, VA",False,1,0,0
2,0,"Hickman, Mr. Lewis",0,32.0,2,0,S.O.C. 14879,73.5,,,"West Hampstead, London / Neepawa, MB",True,0,0,1
3,0,"Allen, Mr. William Henry",0,35.0,0,0,373450,8.05,,,"Lower Clapton, Middlesex or Erdington, Birmingham",False,0,0,1
1,0,"Straus, Mr. Isidor",0,67.0,1,0,PC 17483,221.7792,C55 C57,,"New York, NY",True,0,0,1
2,1,"Silven, Miss. Lyyli Karoliina",1,18.0,0,2,250652,13.0,,16,"Finland / Minneapolis, MN",False,0,0,1
3,0,"Tomlin, Mr. Ernest Portage",0,30.5,0,0,364499,8.05,,,,True,0,0,1
2,0,"Weisz, Mr. Leopold",0,27.0,1,0,228414,26.0,,,"Bromsgrove, England / Montreal, PQ",True,0,0,1
1,1,"Rothschild, Mrs. Martin (Elizabeth L. Barrett)",1,54.0,1,0,PC 17603,59.4,,6,"New York, NY",False,1,0,0
2,0,"Abelson, Mr. Samuel",0,30.0,1,0,P/PP 3381,24.0,,,"Russia New York, NY",False,1,0,0
3,1,"Niskanen, Mr. Juha",0,39.0,0,0,STON/O 2. 3101289,7.925,,9,,False,0,0,1
1,1,"Bowen, Miss. Grace Scott",1,45.0,0,0,PC 17608,262.375,,4,"Cooperstown, NY",False,1,0,0
3,0,"Burke, Mr. Jeremiah",0,19.0,0,0,365222,6.75,,,"Co Cork, Ireland Charlestown, MA",False,0,1,0
3,0,"Bostandyeff, Mr. Guentcho",0,26.0,0,0,349224,7.8958,,,"Bulgaria Chicago, IL",False,0,0,1
3,0,"Lundahl, Mr. Johan Svensson",0,51.0,0,0,347743,7.0542,,,,False,0,0,1
2,1,"Lemore, Mrs. (Amelia Milley)",1,34.0,0,0,C.A. 34260,10.5,F33,14,"Chicago, IL",False,0,0,1
3,1,"Kink-Heilmann, Mrs. Anton (Luise Heilmann)",1,26.0,1,1,315153,22.025,,2,,False,0,0,1
3,0,"Assam, Mr. Ali",0,23.0,0,0,SOTON/O.Q. 3101309,7.05,,,,False,0,0,1
3,1,"Cohen, Mr. Gurshon ""Gus""",0,18.0,0,0,A/5 3540,8.05,,12,"London Brooklyn, NY",False,0,0,1
1,0,"Maguire, Mr. John Edward",0,30.0,0,0,110469,26.0,C106,,"Brockton, MA",False,0,0,1
3,0,"Andersson, Miss. Ebba Iris Alfrida",1,6.0,4,2,347082,31.275,,,"Sweden Winnipeg, MN",False,0,0,1
3,1,"Gilnagh, Miss. Katherine ""Katie""",1,16.0,0,0,35851,7.7333,,16,"Co Longford, Ireland New York, NY",False,0,1,0
1,1,"Cavendish, Mrs. Tyrell William (Julia Florence Siegel)",1,76.0,1,0,19877,78.85,C46,6,"Little Onn Hall, Staffs",False,0,0,1
1,1,"Penasco y Castellana, Mrs. Victor de Satode (Maria Josefa Perez de Soto y Vallejo)",1,17.0,1,0,PC 17758,108.9,C65,8,"Madrid, Spain",False,1,0,0
1,1,"Seward, Mr. Frederic Kimber",0,34.0,0,0,113794,26.55,,7,"New York, NY",False,0,0,1
3,1,"Sundman, Mr. Johan Julian",0,44.0,0,0,STON/O 2. 3101269,7.925,,15,,False,0,0,1
2,1,"West, Miss. Barbara J",1,0.9167,1,2,C.A. 34651,27.75,,10,"Bournmouth, England",False,0,0,1
3,0,"Rush, Mr. Alfred George John",0,16.0,0,0,A/4. 20589,8.05,,,,False,0,0,1
3,1,"Midtsjo, Mr. Karl Albert",0,21.0,0,0,345501,7.775,,15,,False,0,0,1
3,0,"Alexander, Mr. William",0,26.0,0,0,3474,7.8875,,,"England Albion, NY",False,0,0,1
3,0,"Karlsson, Mr. Julius Konrad Eugen",0,33.0,0,0,347465,7.8542,,,,False,0,0,1
3,0,"Lobb, Mrs. William Arthur (Cordelia K Stanlick)",1,26.0,1,0,A/5. 3336,16.1,,,,False,0,0,1
1,1,"Taussig, Miss. Ruth",1,18.0,0,2,110413,79.65,E68,8,"New York, NY",False,0,0,1
2,1,"Duran y More, Miss. Asuncion",1,27.0,1,0,SC/PARIS 2149,13.8583,,12,"Barcelona, Spain / Havana, Cuba",False,1,0,0
3,0,"Davies, Mr. Joseph",0,17.0,2,0,A/4 48873,8.05,,,"West Bromwich, England Pontiac, MI",False,0,0,1
2,0,"Bateman, Rev. Robert James",0,51.0,0,0,S.O.P. 1166,12.525,,,"Jacksonville, FL",True,0,0,1
3,1,"Moor, Master. Meier",0,6.0,0,1,392096,12.475,E121,14,,False,0,0,1
1,1,"Marvin, Mrs. Daniel Warner (Mary Graham Carmichael Farquarson)",1,18.0,1,0,113773,53.1,D30,10,"New York, NY",False,0,0,1
3,1,"Salkjelsvik, Miss. Anna Kristine",1,21.0,0,0,343120,7.65,,C,,False,0,0,1
1,1,"Fortune, Miss. Alice Elizabeth",1,24.0,3,2,19950,263.0,C23 C25 C27,10,"Winnipeg, MB",False,0,0,1
2,0,"Stanton, Mr. Samuel Ward",0,41.0,0,0,237734,15.0458,,,"New York, NY",False,1,0,0
1,1,"Fortune, Miss. Ethel Flora",1,28.0,3,2,19950,263.0,C23 C25 C27,10,"Winnipeg, MB",False,0,0,1
3,0,"Van Impe, Miss. Catharina",1,10.0,0,2,345773,24.15,,,,False,0,0,1
3,1,"Ayoub, Miss. Banoura",1,13.0,0,0,2687,7.2292,,C,"Syria Youngstown, OH",False,1,0,0
1,0,"Carlsson, Mr. Frans Olof",0,33.0,0,0,695,5.0,B51 B53 B55,,"New York, NY",False,0,0,1
3,0,"Braund, Mr. Owen Harris",0,22.0,1,0,A/5 21171,7.25,,,"Bridgerule, Devon",False,0,0,1
1,1,"Compton, Miss. Sara Rebecca",1,39.0,1,1,PC 17756,83.1583,E49,14,"Lakewood, NJ",False,1,0,0
2,0,"Maybery, Mr. Frank Hubert",0,40.0,0,0,239059,16.0,,,"Weston-Super-Mare / Moose Jaw, SK",False,0,0,1
3,0,"Palsson, Master. Gosta Leonard",0,2.0,3,1,349909,21.075,,,,True,0,0,1
1,1,"Lines, Miss. Mary Conover",1,16.0,0,1,PC 17592,39.4,D28,9,"Paris, France",False,0,0,1
3,0,"Petranec, Miss. Matilda",1,28.0,0,0,349245,7.8958,,,,False,0,0,1
3,0,"Davies, Mr. Evan",0,22.0,0,0,SC/A4 23568,8.05,,,,False,0,0,1
1,0,"Blackwell, Mr. Stephen Weart",0,45.0,0,0,113784,35.5,T,,"Trenton, NJ",False,0,0,1
2,1,"Laroche, Mrs. Joseph (Juliette Marie Louise Lafargue)",1,22.0,1,2,SC/Paris 2123,41.5792,,14,Paris / Haiti,False,1,0,0
3,0,"Niklasson, Mr. Samuel",0,28.0,0,0,363611,8.05,,,,False,0,0,1
3,0,"Panula, Master. Urho Abraham",0,2.0,4,1,3101295,39.6875,,,,False,0,0,1
2,1,"Weisz, Mrs. Leopold (Mathilde Francoise Pede)",1,29.0,1,0,228414,26.0,,10,"Bromsgrove, England / Montreal, PQ",False,0,0,1
3,0,"Haas, Miss. Aloisia",1,24.0,0,0,349236,8.85,,,,False,0,0,1
1,1,"Cleaver, Miss. Alice",1,22.0,0,0,113781,151.55,,11,,False,0,0,1
3,0,"Lester, Mr. James",0,39.0,0,0,A/4 48871,24.15,,,,False,0,0,1
1,0,"Ross, Mr. John Hugo",0,36.0,0,0,13049,40.125,A10,,"Winnipeg, MB",False,1,0,0
3,0,"Sivola, Mr. Antti Wilhelm",0,21.0,0,0,STON/O 2. 3101280,7.925,,,,False,0,0,1
3,0,"Sawyer, Mr. Frederick Charles",0,24.5,0,0,342826,8.05,,,,True,0,0,1
3,0,"Asplund, Master. Clarence Gustaf Hugo",0,9.0,4,2,347077,31.3875,,,"Sweden Worcester, MA",False,0,0,1
3,1,"Devaney, Miss. Margaret Delia",1,19.0,0,0,330958,7.8792,,C,"Kilmacowen, Co Sligo, Ireland New York, NY",False,0,1,0
1,1,"McGough, Mr. James Robert",0,36.0,0,0,PC 17473,26.2875,E25,7,"Philadelphia, PA",False,0,0,1
2,1,"Davies, Master. John Morgan Jr",0,8.0,1,1,C.A. 33112,36.75,,14,"St Ives, Cornwall / Hancock, MI",False,0,0,1
1,1,"Pears, Mrs. Thomas (Edith Wearne)",1,22.0,1,0,113776,66.6,C2,8,"Isleworth, England",False,0,0,1
1,0,"Hipkins, Mr. William Edward",0,55.0,0,0,680,50.0,C39,,London / Birmingham,False,0,0,1
3,0,"Rouse, Mr. Richard Henry",0,50.0,0,0,A/5 3594,8.05,,,,False,0,0,1
2,0,"Turpin, Mr. William John Robert",0,29.0,1,0,11668,21.0,,,"Plymouth, England",False,0,0,1
3,0,"Connors, Mr. Patrick",0,70.5,0,0,370369,7.75,,,,True,0,1,0
3,0,"Berglund, Mr. Karl Ivar Sven",0,22.0,0,0,PP 4348,9.35,,,"Tranvik, Finland New York",False,0,0,1
1,1,"Douglas, Mrs. Frederick Charles (Mary Helene Baxter)",1,27.0,1,1,PC 17558,247.5208,B58 B60,6,"Montreal, PQ",False,1,0,0
2,1,"Jerwan, Mrs. Amin S (Marie Marthe Thuillard)",1,23.0,0,0,SC/AH Basle 541,13.7917,D,11,"New York, NY",False,1,0,0
3,0,"Markun, Mr. Johann",0,33.0,0,0,349257,7.8958,,,,False,0,0,1
2,0,"Ware, Mr. John James",0,30.0,1,0,CA 31352,21.0,,,"Bristol, England / New Britain, CT",False,0,0,1
3,0,"Nieminen, Miss. Manta Josefina",1,29.0,0,0,3101297,7.925,,,,False,0,0,1
3,0,"Strom, Mrs. Wilhelm (Elna Matilda Persson)",1,29.0,1,1,347054,10.4625,G6,,,False,0,0,1
3,1,"Abelseth, Mr. Olaus Jorgensen",0,25.0,0,0,348122,7.65,F G63,A,"Perkins County, SD",False,0,0,1
1,0,"Graham, Mr. George Edward",0,38.0,0,1,PC 17582,153.4625,C91,,"Winnipeg, MB",True,0,0,1
1,0,"Brady, Mr. John Bertram",0,41.0,0,0,113054,30.5,A21,,"Pomeroy, WA",False,0,0,1
1,1,"Wick, Miss. Mary Natalie",1,31.0,0,2,36928,164.8667,C7,8,"Youngstown, OH",False,0,0,1
3,0,"Larsson-Rondberg, Mr. Edvard A",0,22.0,0,0,347065,7.775,,,,False,0,0,1
3,0,"Balkic, Mr. Cerin",0,26.0,0,0,349248,7.8958,,,,False,0,0,1
2,1,"Wright, Miss. Marion",1,26.0,0,0,220844,13.5,,9,"Yoevil, England / Cottage Grove, OR",False,0,0,1
3,1,"Sandstrom, Miss. Beatrice Irene",1,1.0,1,1,PP 9549,16.7,G6,13,,False,0,0,1
3,1,"Turkula, Mrs. (Hedwig)",1,63.0,0,0,4134,9.5875,,15,,False,0,0,1
1,1,"Young, Miss. Marie Grice",1,36.0,0,0,PC 17760,135.6333,C32,8,"New York, NY / Washington, DC",False,1,0,0
1,0,"Allison, Mr. Hudson Joshua Creighton",0,30.0,1,2,113781,151.55,C22 C26,,"Montreal, PQ / Chesterville, ON",True,0,0,1
3,0,"Carr, Miss. Jeannie",1,37.0,0,0,368364,7.75,,,"Co Sligo, Ireland Hartford, CT",False,0,1,0
3,1,"Nakid, Miss. Maria (""Mary"")",1,1.0,0,2,2653,15.7417,,C,,False,1,0,0
3,0,"Gustafsson, Mr. Johan Birger",0,28.0,2,0,3101277,7.925,,,"Ruotsinphytaa, Finland New York, NY",False,0,0,1
2,1,"Doling, Mrs. John T (Ada Julia Bone)",1,34.0,0,1,231919,23.0,,,Southampton,False,0,0,1
3,1,"de Mulder, Mr. Theodore",0,30.0,0,0,345774,9.5,,11,"Belgium Detroit, MI",False,0,0,1
2,1,"Hold, Mrs. Stephen (Annie Margaret Hill)",1,29.0,1,0,26707,26.0,,10,"England / Sacramento, CA",False,0,0,1
2,1,"Laroche, Miss. Louise",1,1.0,1,2,SC/Paris 2123,41.5792,,14,Paris / Haiti,False,1,0,0
1,0,"Gee, Mr. Arthur H",0,47.0,0,0,111320,38.5,E63,,"St Anne's-on-Sea, Lancashire",True,0,0,1
1,0,"Taussig, Mr. Emil",0,52.0,1,1,110413,79.65,E67,,"New York, NY",False,0,0,1
1,0,"Ovies y Rodriguez, Mr. Servando",0,28.5,0,0,PC 17562,27.7208,D43,,"?Havana, Cuba",True,1,0,0
3,0,"Goncalves, Mr. Manuel Estanslas",0,38.0,0,0,SOTON/O.Q. 3101306,7.05,,,Portugal,False,0,0,1
2,1,"Renouf, Mrs. Peter Henry (Lillian Jefferys)",1,30.0,3,0,31027,21.0,,,"Elizabeth, NJ",False,0,0,1
3,0,"Widegren, Mr. Carl/Charles Peter",0,51.0,0,0,347064,7.75,,,,False,0,0,1
2,0,"Sedgwick, Mr. Charles Frederick Waddington",0,25.0,0,0,244361,13.0,,,Liverpool,False,0,0,1
2,1,"Hewlett, Mrs. (Mary D Kingcome) ",1,55.0,0,0,248706,16.0,,13,"India / Rapid City, SD",False,0,0,1
3,1,"Duquemin, Mr. Joseph",0,24.0,0,0,S.O./P.P. 752,7.55,,D,"England Albion, NY",False,0,0,1
3,0,"Skoog, Miss. Margit Elizabeth",1,2.0,3,2,347088,27.9,,,,False,0,0,1
